"descricao","categoria"
"FRANGODOGAUCH","Supermercados / Mercearia / Padarias / Lojas de Conveniência"
"GOOGLE KING","Lazer / Entretenimento"
"UDEMY","Estudo"
"BANZAI","Restaurante / Lanchonete / Bar"
"IFOOD  *IFD*YARA MITI","Restaurante / Lanchonete / Bar"
"OPHICINA FOOTWEAR ESPL","Calçado"
"PG *LI LOJA WALDORF","Construção"
"IFOOD   IFD IMPERIO D","Restaurante / Lanchonete / Bar"
"MLP NETSHOES","Calçado"
"IFOOD  *IFD*PADARIA E","Supermercados / Mercearia / Padarias / Lojas de Conveniência"
"IFD*M  M MARMITARIA LT","Restaurante / Lanchonete / Bar"
"IG*LL200RECEITA","Especialidade varejo"
"IFOOD  *IFD*SERGIO AL","Restaurante / Lanchonete / Bar"
"PADARIAAVIACAO","Supermercados / Mercearia / Padarias / Lojas de Conveniência"
"PAG VIVIANEDASILVA","TBD"
"PAG*DISKUNIVERSITARIA","Supermercados / Mercearia / Padarias / Lojas de Conveniência"
"PORTEIRA BAURU","Supermercados / Mercearia / Padarias / Lojas de Conveniência"
"LHS COMERCIO E IMPORTA","Supermercados / Mercearia / Padarias / Lojas de Conveniência"
"IFOOD  *IFD*ANTHONYS","Restaurante / Lanchonete / Bar"
"CAPANNORI PIZZARIA","Restaurante / Lanchonete / Bar"
"MATEUS BOTURA","Serviços pessoais"
"IFD*AGH PIZZARIA LTDA","Supermercados / Mercearia / Padarias / Lojas de Conveniência"
"ELEFANTINHO PREMIUM LT","Relacionados a Automotivo"
"IFD*58.206.507 MARA RE","Restaurante / Lanchonete / Bar"
"IFOOD   IFD SPOLETO B","Restaurante / Lanchonete / Bar"
"EAPRODUCAOE","Transporte"
"BORELLI SHOPPING","Restaurante / Lanchonete / Bar"
"PICPAY  RECARGACEL","Serviços de telecomunicações"
"EQUIPEGUINAF","TBD"
"IFOOD  *IFD*PEREIRA E","Restaurante / Lanchonete / Bar"
"AMAZON PRIME CANAIS","Assinatura / Streaming"
"IFD*54.833.475 ROGERIA","Restaurante / Lanchonete / Bar"
"BRINKEKA","Presente"
"ECOMMERCE UNDER ARMOUR","Vestuário / Roupas"
"IFOOD  *IFD*GUANABANA","Restaurante / Lanchonete / Bar"
"WENCESLAU CASCALDI LTD","Relacionados a Automotivo"
"IFD*ANDRADE LOPES HAMB","Restaurante / Lanchonete / Bar"
"QUITANDA E MERCEARIA O","Supermercados / Mercearia / Padarias / Lojas de Conveniência"
"FARMACIA UNIMED","Assistência médica e odontológica"
"VALDECIROBRISTO","Supermercados / Mercearia / Padarias / Lojas de Conveniência"
"C F M TEIXEIRA BO","Supermercados / Mercearia / Padarias / Lojas de Conveniência"
"SUPREMA PIZZARIA","Restaurante / Lanchonete / Bar"
"SEO MANDA RESTAURANTE","Restaurante / Lanchonete / Bar"
"ZP *BART BARTE SOLUCOE","Serviços de telecomunicações"
"DROGARIA ONLINE","Assistência médica e odontológica"
"G.M. DA CUNHA RESTAUR","Restaurante / Lanchonete / Bar"
"IFD*F.B.OLIVEIRA COMER","Restaurante / Lanchonete / Bar"
"MERCADO*MAISBARATOBRI","Arte / Artesanato / Passatempo"
"PAO DE ACUCAR COM 2449","Supermercados / Mercearia / Padarias / Lojas de Conveniência"
"CONVIVIO","Restaurante / Lanchonete / Bar"
"IFD*SAMUEL DOS REIS MO","Restaurante / Lanchonete / Bar"
"COBASI BAURU","Utensílios Casa"
"IFOOD   IFD APALOOSAS","Restaurante / Lanchonete / Bar"
"ZUM ZUM LANCHES DE BAU","Restaurante / Lanchonete / Bar"
"DAFITI  MICHEL CHUNG","Vestuário / Roupas"
"IFD*IFOOD","Restaurante / Lanchonete / Bar"
"FANTASIA BRINQUEDOS L","Arte / Artesanato / Passatempo"
"EDITORA E DIST EDUCACI","-"
"IFOOD   IFD DON VICTO","Restaurante / Lanchonete / Bar"
"PAG*PANIFICADORAVIA","Supermercados / Mercearia / Padarias / Lojas de Conveniência"
"IFOOD  *IFD*BPS MARIA","Supermercados / Mercearia / Padarias / Lojas de Conveniência"
"CASARAO DO QUEIJO","Supermercados / Mercearia / Padarias / Lojas de Conveniência"
"ACAIDABARRA","Restaurante / Lanchonete / Bar"
"PAG*MARIANACUNHABASTO","Serviços Profissionais"
"IFOOD  *IFD*BAMBINOS","Restaurante / Lanchonete / Bar"
"DROGASIL1268","Assistência médica e odontológica"
"ZAFFARI POMPEIA","Supermercados / Mercearia / Padarias / Lojas de Conveniência"
"IFOOD   IFD UNE DELIV","Restaurante / Lanchonete / Bar"
"IFD*52.828.609 JAQUELI","Supermercados / Mercearia / Padarias / Lojas de Conveniência"
"IFOOD   IFD MANA POKE","Restaurante / Lanchonete / Bar"
"PAG*INDIANACHOPP","Restaurante / Lanchonete / Bar"
"SR SORVETE BAURU","Supermercados / Mercearia / Padarias / Lojas de Conveniência"
"MP *SHELLBOX","Empresa para empresa"
"IFD*FS FAST BAURU COME","Restaurante / Lanchonete / Bar"
"JULIANAFORTEVEGA","Serviços Profissionais"
"IFD*BELLA COMENDADOR P","Restaurante / Lanchonete / Bar"
"IFOOD  *IFD*DIVINO MA","Restaurante / Lanchonete / Bar"
"PG *TON PORCARIA BBQ","Restaurante / Lanchonete / Bar"
"IFD*BPS MARIA APARECID","Supermercados / Mercearia / Padarias / Lojas de Conveniência"
"IFOOD  *IFD*VINICIUS","Supermercados / Mercearia / Padarias / Lojas de Conveniência"
"IFD*DIRCEU DANTAS FILH","Restaurante / Lanchonete / Bar"
"IFOOD  *IFD*SOBERANO","Restaurante / Lanchonete / Bar"
"IFD*HORIUCHI  CIA LTDA","Restaurante / Lanchonete / Bar"
"POSTO-2243-BAURU","Relacionados a Automotivo"
"LOJA DE CONVENIENCIA U","Supermercados / Mercearia / Padarias / Lojas de Conveniência"
"IFOOD  *IFD*MARCO ANT","Restaurante / Lanchonete / Bar"
"ABASTECEAI   IPIRANGA","Relacionados a Automotivo"
"IFD*LUCAS CERIALI BATI","Restaurante / Lanchonete / Bar"
"TUNA        *ANOTA*AI","Restaurante / Lanchonete / Bar"
"MP  QUEROPASSAGEM","Serviços de telecomunicações"
"LOJAS RIACHUELO SA","-"
"BPG MARISA*MARISA","Vestuário / Roupas"
"MERCADOLIVRE*HELENASH","Vestuário / Roupas"
"RD SAUDE","Assistência médica e odontológica"
"IFD*ANA PAULA FRANCA 3","Restaurante / Lanchonete / Bar"
"CLUBE CULTURAL NIPO BR","Associação"
"IFD*OUTBACK STEAKHOUSE","Restaurante / Lanchonete / Bar"
"IFD*55.571.604 THAISA","Restaurante / Lanchonete / Bar"
"PAG ELLENDEGERALDOVAL","Supermercados / Mercearia / Padarias / Lojas de Conveniência"
"IFOOD   SALGADOS QUEI","Restaurante / Lanchonete / Bar"
"PAG ZIGPAY","TBD"
"IFD*55.544.405 RHUANN","Restaurante / Lanchonete / Bar"
"PAG BUFFETPIPOCA","Lazer / Festas"
"PG *ZE DELIVERY ZE DEL","Empresa para empresa"
"IFOOD   IFD CHINA IN","Restaurante / Lanchonete / Bar"
"CASA DA ALFACE","Supermercados / Mercearia / Padarias / Lojas de Conveniência"
"IFOOD   IFD IFOODCOM","Restaurante / Lanchonete / Bar"
"IFD*FERNANDO JORGE  FI","Restaurante / Lanchonete / Bar"
"58395595YASMIN","Restaurante / Lanchonete / Bar"
"KENJIOSAJIMA","Serviços pessoais"
"CRISTIANE APARECIDA Y","Restaurante / Lanchonete / Bar"
"BSN COMERCIO DE ALIMEN","Restaurante / Lanchonete / Bar"
"BRASIL CACAU BAURU SHO","Supermercados / Mercearia / Padarias / Lojas de Conveniência"
"A NARDO MACHADO","Vestuário"
"IFOOD   IFD REN SUSHI","Restaurante / Lanchonete / Bar"
"LINS CAFE E VIAGENS","Restaurante / Lanchonete / Bar"
"MP *KAKAOART","Supermercados / Mercearia / Padarias / Lojas de Conveniência"
"A. NARDO MACHADO","Especialidade varejo"
"PP           INGRESSOS","Entretenimento"
"IFD*58.169.561 SUELI M","Restaurante / Lanchonete / Bar"
"IFOOD   IFD HOMES BUR","Restaurante / Lanchonete / Bar"
"CARLOS HENRIQUE","Supermercados / Mercearia / Padarias / Lojas de Conveniência"
"MERCADOLIVRE MERCADOL","Educacional"
"LOJA MELISSA","Calçado"
"POUSADATIBIRICA","T&E"
"IFOOD  *IFD*MOLHIN DE","Restaurante / Lanchonete / Bar"
"OPENENGLISH.COM","-"
"MERCADOLIVRE*STESSYSH","Vestuário / Roupas"
"MERCADOLIVRE*MERCADOL","Relacionados a Automotivo"
"UBER   *UBER   *TRIP","Transporte"
"DON PABLITO","Restaurante / Lanchonete / Bar"
"MP *INTUABEAUTY","Serviços pessoais"
"S CROSS BAURU","Vestuário / Roupas"
"MERCADOLIVRE*BABYNINJ","Serviços Profissionais"
"PAG BEATRIZVITORIADAS","Supermercados / Mercearia / Padarias / Lojas de Conveniência"
"IFOOD   IFD BEM QUERE","Restaurante / Lanchonete / Bar"
"GRILETTO BAURU","Restaurante / Lanchonete / Bar"
"GABRIELA","Supermercados / Mercearia / Padarias / Lojas de Conveniência"
"IFOOD  *IFD*DIVINA MA","Restaurante / Lanchonete / Bar"
"MOREIRA DA CUNHA REST","Restaurante / Lanchonete / Bar"
"MARISA 674","Vestuário / Roupas"
"PAG MARLIRIBEIRODA","Departamento / Desconto"
"IFD*LETICIA CORREIA RA","Restaurante / Lanchonete / Bar"
"IFOOD  *IFD*K M ALIME","Restaurante / Lanchonete / Bar"
"IFD*POSTO E SERVICOS R","Relacionados a Automotivo"
"SONEDA PERFUMARIA","Serviços pessoais"
"IFD*34.885.028 THIAGO","Supermercados / Mercearia / Padarias / Lojas de Conveniência"
"IMMIGRATION CANADA ONL","Governo"
"SUPERM MONTESERRAT","Supermercados / Mercearia / Padarias / Lojas de Conveniência"
"VINDI   CUBERBRASILCUB","Serviços de telecomunicações"
"FOODTOSAVELTDA","Supermercados / Mercearia / Padarias / Lojas de Conveniência"
"SISTEMA*BEACH LOVERS","Supermercados / Mercearia / Padarias / Lojas de Conveniência"
"IFD*GRUPO FARTURA DE H","Supermercados / Mercearia / Padarias / Lojas de Conveniência"
"MERCADOLIVRE*MERCADOL","Elétrico"
"DOCES DA FEIRA","Supermercados / Mercearia / Padarias / Lojas de Conveniência"
"EMPRIO COCO MANIA BAUR","Restaurante / Lanchonete / Bar"
"FRIED FISH NACOES","Supermercados / Mercearia / Padarias / Lojas de Conveniência"
"IFOOD   IFD PAO CARNE","Restaurante / Lanchonete / Bar"
"PADARIATRIGAL","Supermercados / Mercearia / Padarias / Lojas de Conveniência"
"PAG SORVDOCESABOR","Restaurante / Lanchonete / Bar"
"RI HAPPY BRINQUEDOS SA","Arte / Artesanato / Passatempo"
"DROGARIA NACOES FARMA","Assistência médica e odontológica"
"MERCADOLIVRE*DELLCOMP","Empresa para empresa"
"IFD*FITTIPALDI ENGENHA","Construção"
"PIRACICABANA SAO PAULO","Transporte"
"DM  BRAINLY 27 09","Serviços de telecomunicações"
"SILVIAMADALENA","Supermercados / Mercearia / Padarias / Lojas de Conveniência"
"GIRASSOL RESTAURANTE","Restaurante / Lanchonete / Bar"
"MICROSOFT*MICROSOFT 36","Entretenimento"
"LUIZAUGUSTO","Serviços Profissionais"
"RUBIA VIEIRA DOS SANTO","Assistência médica e odontológica"
"HUB FINTECH *NETSHOES","Calçado"
"PAG JAQUELINENEBO","Supermercados / Mercearia / Padarias / Lojas de Conveniência"
"ALLIANZ SEGUROS S/A","Seguro"
"MERCADOLIVRE*ABSTRACT","Vestuário / Roupas"
"LEVIS LEVIS","Vestuário / Roupas"
"PAG*MISTERPIZZA","Restaurante / Lanchonete / Bar"
"N ADANIYA","Vestuário / Roupas"
"PG *TON","Serviços Profissionais"
"FERGAS GAS E AGUA","Gás"
"IFOOD  *IFD*CLEOMAR N","Restaurante / Lanchonete / Bar"
"REI DO MATE","Restaurante / Lanchonete / Bar"
"EDSONLOPESHAI","Serviços pessoais"
"MERCADOLIVRE*MASQUERA","Vestuário / Roupas"
"PAG BLACKOUT","Vestuário / Roupas"
"TAUSTE SUPERMERCADOS L","Supermercados / Mercearia / Padarias / Lojas de Conveniência"
"IFOOD   IFD SABOR DO","Restaurante / Lanchonete / Bar"
"DAUNS BAURU SHOPPING","Restaurante / Lanchonete / Bar"
"EC     *PICHAUINFORMA","Elétrico"
"MERCADOLIVRE*GONGZHEN","TBD"
"JOSEAPARECIDO","Supermercados / Mercearia / Padarias / Lojas de Conveniência"
"EDSON MARCELO CUBA LOP","Serviços pessoais"
"MERCADOLIVRE*MERCADOLI","Departamento / Desconto"
"IFOOD   PADARIA VO AN","Restaurante / Lanchonete / Bar"
"AAI     AAI IPIRANGA","Relacionados a Automotivo"
"GOSTOSO BOTEQUIM","Restaurante / Lanchonete / Bar"
"V&C INOVACOES E FOTOG","Foto / Fotocópia"
"IFD*M F DOS SANTOS PAS","Restaurante / Lanchonete / Bar"
"RODOSNACK TOPAZIO LANC","Restaurante / Lanchonete / Bar"
"IFOOD  *CLUBE  *IFOOD","Associação"
"IFD*MICHELLE QUINTANIL","Supermercados / Mercearia / Padarias / Lojas de Conveniência"
"GOOMER SOBERANOBURERDE","Restaurante / Lanchonete / Bar"
"MP *DINO","Presente"
"IFD*GIOVANNA SALVADOR","Restaurante / Lanchonete / Bar"
"ROSA","Restaurante / Lanchonete / Bar"
"DAFITI *MOACYR JOSE M","Vestuário / Roupas"
"DROGAL BAURU V","Assistência médica e odontológica"
"BAURU LIFE","Supermercados / Mercearia / Padarias / Lojas de Conveniência"
"VILMA LOPES RESTAURAN","Restaurante / Lanchonete / Bar"
"IFD*LUCAS D AVILA RIBE","Supermercados / Mercearia / Padarias / Lojas de Conveniência"
"OLEVO","Consertos em Geral"
"SMASH LEAGUE","Restaurante / Lanchonete / Bar"
"PAG*BEATRIZVITORIADAS","Supermercados / Mercearia / Padarias / Lojas de Conveniência"
"PG *FORSOCIOS DOITY IN","Serviços de telecomunicações"
"CASARAO DA PICANHA","Restaurante / Lanchonete / Bar"
"MERCADOLIVRE DDMAQUINA","Manutenção / Casa"
"PAG*MAURICIONACAMOTO","Supermercados / Mercearia / Padarias / Lojas de Conveniência"
"MERCADOLIVRE*BELLAFAL","Vestuário / Roupas"
"MERCADOLIVRE*PLUGIMPO","Serviços de telecomunicações"
"SAMS BAURU","Associação"
"DAFITI  4576109696","Vestuário / Roupas"
"HNA*OBOTICARIO","Serviços pessoais"
"PAG RDCULTURAL","Transporte Coletivo"
"PADARIA COPACABANA","Supermercados / Mercearia / Padarias / Lojas de Conveniência"
"PAG MARISAYOSHIE","Restaurante / Lanchonete / Bar"
"IFOOD  *IFD*CAFETERIA","Restaurante / Lanchonete / Bar"
"IFOOD  *IFD*FCA COMER","Restaurante / Lanchonete / Bar"
"IFD*POSTO E SERVICOS R","Supermercados / Mercearia / Padarias / Lojas de Conveniência"
"FARMACIAS PA*1163","Assistência médica e odontológica"
"YURII","Supermercados / Mercearia / Padarias / Lojas de Conveniência"
"IFD*SABRINA LUMI MICHI","Restaurante / Lanchonete / Bar"
"IFOOD  *IFD*CHIQUINHO","Restaurante / Lanchonete / Bar"
"MUNDO ANINAL","Aluguel"
"MULTIPLEX BAURU SHOPPI","Entretenimento"
"IFOOD  *IFD*KFC FRANG","Restaurante / Lanchonete / Bar"
"IFD*REGIANA CRISTINA D","Restaurante / Lanchonete / Bar"
"PAG*ICASEIPRESENTES","Serviços de telecomunicações"
"MVM DE SOUZA CESTA BAS","Supermercados / Mercearia / Padarias / Lojas de Conveniência"
"SUCOS LIFE","Supermercados / Mercearia / Padarias / Lojas de Conveniência"
"IFOOD   IFD FORNAZA P","Restaurante / Lanchonete / Bar"
"ALLIANZ SEGU*10 DE 10","Seguro"
"SOUZA PIERRE COMERCIO","Restaurante / Lanchonete / Bar"
"MP  ANDREA","Empresa para empresa"
"MP *ESPETINHOSDATIA","Supermercados / Mercearia / Padarias / Lojas de Conveniência"
"IFD*SMASH LEAGUE BURGE","Restaurante / Lanchonete / Bar"
"PONTO DA PIZZA O RODIZ","Restaurante / Lanchonete / Bar"
"E REDE GRUPO NINJA","Empresa para empresa"
"IFOOD  *IFD*AMI SORVE","Restaurante / Lanchonete / Bar"
"MASSAS E SALG OSHIRO","Restaurante / Lanchonete / Bar"
"MERCADOLIVRE*BEARKIDS","Vestuário / Roupas"
"RDSAUDE ONLINE","Assistência médica e odontológica"
"MERCADOLIVRE LOJAJAU","Manutenção / Casa"
"CENTAURO COM BR","Vestuário"
"CONFIANCA PEDERNEIRAS","Supermercados / Mercearia / Padarias / Lojas de Conveniência"
"IFD*RESTAURANTE E LANC","Restaurante / Lanchonete / Bar"
"CAT RAPHAEL NOSCHESE B","Educacional"
"IFD*34.760.671 LARISSA","Restaurante / Lanchonete / Bar"
"TRIO SUPERMERCADOS LTD","Supermercados / Mercearia / Padarias / Lojas de Conveniência"
"PAG*REYNALDOOVOS","Supermercados / Mercearia / Padarias / Lojas de Conveniência"
"SHEIN  *SHEIN.COM","Vestuário / Roupas"
"SORVETERIAGIGABON","Supermercados / Mercearia / Padarias / Lojas de Conveniência"
"APALOOSAS","Supermercados / Mercearia / Padarias / Lojas de Conveniência"
"RAFAELMARIANO","Restaurante / Lanchonete / Bar"
"IMAGEM PAPELARIA","Especialidade varejo"
"IFD*57288855 KAUA DE L","Restaurante / Lanchonete / Bar"
"QUERO CONGELADOS","Supermercados / Mercearia / Padarias / Lojas de Conveniência"
"SR SORVETE","Supermercados / Mercearia / Padarias / Lojas de Conveniência"
"MCDONALDS","Restaurante / Lanchonete / Bar"
"OPERADORA DE ESTACIONA","Relacionados a Automotivo"
"CLUBE MELISSA BAURU SH","Vestuário / Roupas"
"IFD*CAETANO BETONI FIL","Restaurante / Lanchonete / Bar"
"IFOOD  *IFD*JOLIE CAF","Restaurante / Lanchonete / Bar"
"MERCADOLIVRE*LAURAMAG","Vestuário / Roupas"
"ASSADOS GRILL","Supermercados / Mercearia / Padarias / Lojas de Conveniência"
"AMAZON MARKETPLACE","Supermercados / Mercearia / Padarias / Lojas de Conveniência"
"01166380ADRIANA","Restaurante / Lanchonete / Bar"
"CLINICA DENTISTA POVO","Assistência médica e odontológica"
"DOGKEBI","Restaurante / Lanchonete / Bar"
"KAROLINA MODOLO FERREI","Serviços pessoais"
"BAURUTOYS BRINQUEDOS","Arte / Artesanato / Passatempo"
"IFD*ZAMP S.A.","Restaurante / Lanchonete / Bar"
"AMERICAN CORNER ESCOLA","Estudo"
"IFOOD  *IFD*SUSHI DEL","Restaurante / Lanchonete / Bar"
"IFOOD  *IFD*SKINAO","Restaurante / Lanchonete / Bar"
"IFD         *FM ARAUJO","Restaurante / Lanchonete / Bar"
"IFOOD   IFD DAUNS EXP","Restaurante / Lanchonete / Bar"
"CROOCODILO M GOURMET","Associação"
"ALEMAO PNEUS","Relacionados a Automotivo"
"JR PIZZARIA E COSTELAR","Restaurante / Lanchonete / Bar"
"JOLIE CAFE","Restaurante / Lanchonete / Bar"
"VIACAO PIRACICABANA S","Transporte"
"GOOGLE YOUTUBEPREMIUM","Entretenimento"
"TOKUHARAPASTEL","Supermercados / Mercearia / Padarias / Lojas de Conveniência"
"PORCARIABBQ","Restaurante / Lanchonete / Bar"
"MINI KALZONE","Restaurante / Lanchonete / Bar"
"PAGUE MENOSA        11","Assistência médica e odontológica"
"IFOOD   IFD ANTHONYS","Restaurante / Lanchonete / Bar"
"MP *HOMENOWCASAEDECOR","Casa / Escritório Mobiliário"
"MP  NEWSTARZOO","Empresa para empresa"
"CENTAURO COM BR","Especialidade varejo"
"IFOOD   IFD JIM BURGE","Restaurante / Lanchonete / Bar"
"ZIG*ZIG*MORUMBIS","Supermercados / Mercearia / Padarias / Lojas de Conveniência"
"MP  ESPETINHODEF","Empresa para empresa"
"AMAZON COM BR","TBD"
"IFOOD   IFD CASARAO D","Restaurante / Lanchonete / Bar"
"BAURU TEXTIL TECIDOS E","Vestuário / Roupas"
"MAGAZINELUIZA","Departamento / Desconto"
"MC DONALDS","Restaurante / Lanchonete / Bar"
"MATHEVI LIVRARIA E PAP","Documentos / Impressões"
"MP  GABRIELA","Supermercados / Mercearia / Padarias / Lojas de Conveniência"
"MAGALU*MAGAZINELUIZA","Departamento / Desconto"
"PANINI BRASIL LTDA","Empresa para empresa"
"IFOOD  *IFD*ZAMP SA","Restaurante / Lanchonete / Bar"
"E-COM OUTLET","Vestuário / Roupas"
"GELA BOCA","Restaurante / Lanchonete / Bar"
"POSTO PA 2243 POSTO","Relacionados a Automotivo"
"GISLENECAPELETTI","Supermercados / Mercearia / Padarias / Lojas de Conveniência"
"IFOOD   IFD EXTRA BAU","Supermercados / Mercearia / Padarias / Lojas de Conveniência"
"IFD*34.885.028 THIAGO","Restaurante / Lanchonete / Bar"
"IFOOD   IFD MARMITAS","Restaurante / Lanchonete / Bar"
"IFD*57.292.368 KATIUSC","Restaurante / Lanchonete / Bar"
"ALLIANZ SEGU*05 DE 10","Seguro"
"SUMIE AWANE AWAJI OTA","Departamento / Desconto"
"PG *TON FABULOSA LOJ","Marketing Direto"
"MERCADOLIVRE*MERCADOLI","Casa / Escritório Mobiliário"
"MP *JULIO","Supermercados / Mercearia / Padarias / Lojas de Conveniência"
"LOJAS AMERICANAS 296","Departamento / Desconto"
"PAG CASABRASILIS","Restaurante / Lanchonete / Bar"
"PAG*CASABRASILIS","Restaurante / Lanchonete / Bar"
"IFD*FERRAZ  USO - ALIM","Supermercados / Mercearia / Padarias / Lojas de Conveniência"
"TOMATELLI","Restaurante / Lanchonete / Bar"
"IFD*25.680.814 CLAUDIA","Supermercados / Mercearia / Padarias / Lojas de Conveniência"
"IFOOD  *IFD*ESTANISLA","Restaurante / Lanchonete / Bar"
"MERCADOLIVRE*TATICALL","Materiais de construção para casa"
"IFD*WANDERSON CRISTIAN","Supermercados / Mercearia / Padarias / Lojas de Conveniência"
"AM/PM UNIVERSITARIA","Supermercados / Mercearia / Padarias / Lojas de Conveniência"
"SUSHI TRUCK THIAGO PER","Restaurante / Lanchonete / Bar"
"RENATA DEGANI DE SOUZ","Serviços pessoais"
"BERLINF AC SHOPPING CE","TBD"
"OFICIAL DE REG.CIVIL","Governo"
"IFOOD   IFD CLEMERSON","Restaurante / Lanchonete / Bar"
"BONGO FR2 RESTAURANTE","Restaurante / Lanchonete / Bar"
"LOJAS SUMIRE","Vestuário"
"MERCADOLIVRE*MERCADOLI","Vestuário / Roupas"
"IFD*FCA COMERCIO DE AL","Restaurante / Lanchonete / Bar"
"RIACHUELO LO*RIACHUELO","Vestuário / Roupas"
"TAYAYA AQUA RESORT","Lazer / Estadia / Viagem"
"IFOOD   IFD DONA BAUN","Restaurante / Lanchonete / Bar"
"IFOOD   IFD BOI BRABO","Restaurante / Lanchonete / Bar"
"KOKONGA GASTRO BAR","Restaurante / Lanchonete / Bar"
"THAISMONIQUE","Serviços Profissionais"
"HNA*O BOTICARIO","Cuidado pessoal / Higiene / Saúde / Estética"
"SUPERCARS   BAURU 2","Especialidade varejo"
"REI DO MATE BENE","Restaurante / Lanchonete / Bar"
"AUTO POSTO ALAMEDA","Restaurante / Lanchonete / Bar"
"PAG ESPETINHODOREI","Supermercados / Mercearia / Padarias / Lojas de Conveniência"
"PG *DENILSON LUIS PAIV","Especialidade varejo"
"IFOOD  *IFD*SUELI STE","Restaurante / Lanchonete / Bar"
"RICARDO CESAR NABAO","Celular / Plano / Manutenção"
"PAG*VESTCASA","Utensílios Casa"
"NETFLIX.COM","TV por assinatura / Serviços de rádio"
"MERCADOLIVRE*JP7PARTS","Relacionados a Automotivo"
"BRINKEKA","Arte / Artesanato / Passatempo"
"IFD*BWL ALIMENTOS DELI","Restaurante / Lanchonete / Bar"
"CASAS PERNANBUCANAS","Utensílios Casa"
"60821770EDINEIA","Restaurante / Lanchonete / Bar"
"IFOOD   IFD CLAUDINHO","Restaurante / Lanchonete / Bar"
"FABI GOURMET","Supermercados / Mercearia / Padarias / Lojas de Conveniência"
"ROSEESPOLADOR","Serviços Profissionais"
"MARGARETE NATALINA GRA","Serviços pessoais"
"MARAVILHAS DO LAR","Especialidade varejo"
"MP *DUFRIOREFRIGE","Departamento / Desconto"
"IFOOD   IFD SKINAO","Restaurante / Lanchonete / Bar"
"JAPANSOCIETY","Vestuário / Roupas"
"BENDITA S PRESENTES","Especialidade varejo"
"IFD*ANELISE HELLEN GIM","Supermercados / Mercearia / Padarias / Lojas de Conveniência"
"IFOOD   IFD ESPAZZO M","Restaurante / Lanchonete / Bar"
"27 447 202 WEVERTON AI","Serviços pessoais"
"EMPPORIUM","Restaurante / Lanchonete / Bar"
"HAVAN BAURU","Departamento / Desconto"
"AMAZONMKTPLC*CARLOSFER","Especialidade varejo"
"DROGASIL1633","Assistência médica e odontológica"
"VINDI  *BOLSASBOHO","-"
"LOJAS SUMIRE","Vestuário / Roupas"
"PAG*CHURROSECREPES","Supermercados / Mercearia / Padarias / Lojas de Conveniência"
"IFD*FARMACIA E DROGARI","Assistência médica e odontológica"
"NAT*NATURA PAGAMENTOS","Empresa para empresa"
"IFD*MOMESSO RESTAURANT","Restaurante / Lanchonete / Bar"
"IFOOD  *IFD*SOUSA KOH","Restaurante / Lanchonete / Bar"
"IFD*FERRAZ  USO - ALIM","Restaurante / Lanchonete / Bar"
"MERCADOLIVRE*FACILITA","Departamento / Desconto"
"MP *QUEISSOCAMARA","Vestuário / Roupas"
"PAG ROZANGELALIMADA","Supermercados / Mercearia / Padarias / Lojas de Conveniência"
"CASA DO QUEIJO QUILOMB","Restaurante / Lanchonete / Bar"
"IFD*BRASASUL CHURRASCA","Restaurante / Lanchonete / Bar"
"BLUE TREE THERMAS DE L","Viagem"
"PAG KISHIBEMIYOSHI","Restaurante / Lanchonete / Bar"
"IFD*REGAB COMERCIO DE","Restaurante / Lanchonete / Bar"
"MERCADOLIVRE*MERCADOL","Materiais de construção para casa"
"SEO BIGODE BAR","Restaurante / Lanchonete / Bar"
"IFD*BR RONDON LTDA","Supermercados / Mercearia / Padarias / Lojas de Conveniência"
"IFD*BR","Restaurante / Lanchonete / Bar"
"JOAO E MARIA","Vestuário / Roupas"
"IFOOD   IFD TADANO CU","Restaurante / Lanchonete / Bar"
"MLP*NETSHOES NETS","Especialidade varejo"
"IFD*MOACIR NEVES NETO","Restaurante / Lanchonete / Bar"
"LOJAS SUMIRE","Serviços pessoais"
"IFOOD  *IFD*FM ARAUJO","Restaurante / Lanchonete / Bar"
"ZZLINK","Vestuário / Roupas"
"MATHEVI LIVRARIA E PAP","Especialidade varejo"
"GMAIS DROGARIA","Assistência médica e odontológica"
"NOBORU RESTAURANTE","Restaurante / Lanchonete / Bar"
"IGUASPO*IGUASPORT LTDA","Especialidade varejo"
"PG *ENJOEI.COM.BR ATIV","Serviços Profissionais"
"IFD*LETICIA CORREIA RA","TBD"
"IFOOD   IFD ROASTED P","Restaurante / Lanchonete / Bar"
"DAFITI  DAFITI  457565","Vestuário / Roupas"
"DIG NACOES","Serviços de telecomunicações"
"IFOOD   IFOODBR CLUBE","Associação"
"MERCADOLIVRE LOJA","Vestuário / Roupas"
"RD CULTURAL LTDA","Marketing Direto"
"MARISAYOSHIE","Serviços Profissionais"
"IFOOD  *IFD*NANICA BA","Restaurante / Lanchonete / Bar"
"ARMAZEMDACERVEJA","Supermercados / Mercearia / Padarias / Lojas de Conveniência"
"SAMS","Associação"
"GELATO BORELLI BAURUS","Restaurante / Lanchonete / Bar"
"PAG DADA","Restaurante / Lanchonete / Bar"
"IFOOD  *IFD*GRUPO FAR","Restaurante / Lanchonete / Bar"
"MERCADOLIVRE*MERCADOL","Especialidade varejo"
"PAG ANDREAAPARECIDADA","TBD"
"IFD*27569678 AMANDA AT","Supermercados / Mercearia / Padarias / Lojas de Conveniência"
"ANTONIOCESARDE","Supermercados / Mercearia / Padarias / Lojas de Conveniência"
"BRAZILLIS RESTAURANTE","Supermercados / Mercearia / Padarias / Lojas de Conveniência"
"IFD*PEREIRA E SASAKI C","Restaurante / Lanchonete / Bar"
"PUNTO NACOES UNIDAS B","Restaurante / Lanchonete / Bar"
"IFOOD   IFD KFC BAURU","Restaurante / Lanchonete / Bar"
"IFOOD  *IFD*IVANKIO B","Restaurante / Lanchonete / Bar"
"3753 DROGASIL","Assistência médica e odontológica"
"FARMACIA E DROGARIA NI","Saúde / Medicamento"
"PAG*GINEZFERNANDES","TBD"
"IFOOD   IFD LIFE SUCO","Restaurante / Lanchonete / Bar"
"AMAZON BR","Marketing Direto"
"DROGAL BAURU II","Assistência médica e odontológica"
"CONFIANCA MAX","Supermercados / Mercearia / Padarias / Lojas de Conveniência"
"PLAY PARK EVENTOS LTD","Lazer / Festas"
"DAFITI *JOSE BARRETO","Vestuário / Roupas"
"PAG*LOJASRENNERSA","Vestuário / Roupas"
"IFOOD   IFD REGUSTO R","Restaurante / Lanchonete / Bar"
"IFOOD  *IFD*LETICIA C","Restaurante / Lanchonete / Bar"
"VILMA LOPES RESTAURANT","Restaurante / Lanchonete / Bar"
"ABASTEC AAI IPIRANGA","Relacionados a Automotivo"
"SERVICOS CLA*CLARO","Serviços de telecomunicações"
"PAG*MILKARESTAURANTE","Restaurante / Lanchonete / Bar"
"KALUNGA.COM","Especialidade varejo"
"IFD*50.445.821 PAULO D","Transporte"
"PAG SVAUTOMECANICA","Manutenção / Carro"
"IFD*HOLLDEN PINTO MARM","Supermercados / Mercearia / Padarias / Lojas de Conveniência"
"MAGAPAY      ZOOKE","Serviços de telecomunicações"
"ACADEMIA CROSS M 8 LT","Restaurante / Lanchonete / Bar"
"IFOOD  *IFD*MERE ELLE","Restaurante / Lanchonete / Bar"
"FARMACIAS PA*643","Assistência médica e odontológica"
"BERLIN *EMDURB","Governo"
"IFD*LA ADELINA FOCACCE","Restaurante / Lanchonete / Bar"
"SHEILA E P DOMINGUES M","Vestuário / Roupas"
"SHOPEE *LUCCAFASHION","Vestuário / Roupas"
"MERCADOLIVRE*WINSGAMES","Arte / Artesanato / Passatempo"
"ASSISTEC","Marketing Direto"
"EC*DELIRIYOU","Vestuário / Roupas"
"MP  QUEROPASSAGEM","-"
"IFOOD  *IFD*JOSE WILL","Supermercados / Mercearia / Padarias / Lojas de Conveniência"
"IFOOD  *IFD*GABRIEL D","Restaurante / Lanchonete / Bar"
"IFD*TOTEM CARMEN SILVA","Restaurante / Lanchonete / Bar"
"IFOOD  *IFD*ESTER SIL","Supermercados / Mercearia / Padarias / Lojas de Conveniência"
"BAURU REST  LANCH","Restaurante / Lanchonete / Bar"
"IFOOD  *IFD*MARIZA FE","Supermercados / Mercearia / Padarias / Lojas de Conveniência"
"BABY CARE STORE","Especialidade varejo"
"IFOOD   IFD TOP BURGU","Restaurante / Lanchonete / Bar"
"RENNER","Vestuário / Roupas"
"DROGAL *DROGAL ECOMM","Empresa para empresa"
"PAO DE ACUCAR 2450","Supermercados / Mercearia / Padarias / Lojas de Conveniência"
"IFOOD  *IFD*INFLUENCE","Restaurante / Lanchonete / Bar"
"GRILETTO","Restaurante / Lanchonete / Bar"
"IFD*MELANCIA SUCOS E A","Restaurante / Lanchonete / Bar"
"IFOOD  *IFD*32565021","Supermercados / Mercearia / Padarias / Lojas de Conveniência"
"AMAZONMKTPLC*COMERCIAL","Serviços pessoais"
"PAG ROTABEER","Restaurante / Lanchonete / Bar"
"IFOOD  *IFD*ESQUINA D","Restaurante / Lanchonete / Bar"
"NUTTY BAVARIAN","Restaurante / Lanchonete / Bar"
"VLADISTATTOO","Serviços pessoais"
"MP *EDSONLOPESHAI","Serviços pessoais"
"PAYGO*CHICLE MODA FITN","Vestuário / Roupas"
"IFOOD  *IFD*JIM BURGU","Restaurante / Lanchonete / Bar"
"BRASTEMP E REDE","Manutenção / Casa"
"IFD*57.732.104 CARLOS","Restaurante / Lanchonete / Bar"
"IFOOD   IFD TOUC BURG","Restaurante / Lanchonete / Bar"
"PORTO SEGURO SEGUROS","Seguro / Casa / Carro / Vida"
"EMPORIO FERRETTI","Supermercados / Mercearia / Padarias / Lojas de Conveniência"
"IFOOD   IFD RAGAZZO B","Restaurante / Lanchonete / Bar"
"IFD*NOVA GRILL CHURRAS","Restaurante / Lanchonete / Bar"
"IFOOD  *IFD*PADARIA E","Restaurante / Lanchonete / Bar"
"PE DE CAFE F2","Restaurante / Lanchonete / Bar"
"HILLBILLYS A DINER","Restaurante / Lanchonete / Bar"
"PAG*RESTAURANTE","Supermercados / Mercearia / Padarias / Lojas de Conveniência"
"IF T DA I LTDA","Serviços de telecomunicações"
"MERCADOLIVRE MULTIIMP","TBD"
"IFOOD  *IFD*MARIZA FE","Restaurante / Lanchonete / Bar"
"CAFE E TAL","Restaurante / Lanchonete / Bar"
"CAIXA RODOVIARIA EMDUR","Governo"
"CASTELANI RESTAURANTE","Restaurante / Lanchonete / Bar"
"IFD*46.279.963 BRUNO P","Supermercados / Mercearia / Padarias / Lojas de Conveniência"
"IFD*REI DOS COMBOS SUS","Supermercados / Mercearia / Padarias / Lojas de Conveniência"
"EBANX*SONYPLAYSTATN","Recreativo"
"SABORES DE VARPA RESTA","Restaurante / Lanchonete / Bar"
"PAG*ROZANGELALIMADA","Restaurante / Lanchonete / Bar"
"ACOUGUE PARIS 3","Supermercados / Mercearia / Padarias / Lojas de Conveniência"
"PAG MADEIREIRASANTA","Manutenção / Casa"
"GEEKSER","Arte / Artesanato / Passatempo"
"PAG*LOJADE","Supermercados / Mercearia / Padarias / Lojas de Conveniência"
"IFD*60211628 GABRIELA","Supermercados / Mercearia / Padarias / Lojas de Conveniência"
"MADERO","Restaurante / Lanchonete / Bar"
"PAG*MOLHIMDEFILE","Restaurante / Lanchonete / Bar"
"GOURMET SPORTS HOSPITA","Restaurante / Lanchonete / Bar"
"PINBANK ESFIHA BRASIL","Restaurante / Lanchonete / Bar"
"MERCADOLIVRE*SELETOST","Utensílios Casa"
"IFD*53.869.973 DIEGO L","Restaurante / Lanchonete / Bar"
"RIACHUELO LO*ROVITEX","Vestuário / Roupas"
"PAG*SILVIAMADALENA","Supermercados / Mercearia / Padarias / Lojas de Conveniência"
"DAFITI*4601194231","Vestuário / Roupas"
"IFD*SHEKINA BURGER BAU","Restaurante / Lanchonete / Bar"
"MAX STILLO ATACADO PA","Materiais de construção para casa"
"KIOLIN LANCHES","Supermercados / Mercearia / Padarias / Lojas de Conveniência"
"CASA DO SALGADO","Supermercados / Mercearia / Padarias / Lojas de Conveniência"
"56928169DANIEL","Restaurante / Lanchonete / Bar"
"MERCADOLIVRE*TORKTOOL","Materiais de construção para casa"
"BURGER KING","Restaurante / Lanchonete / Bar"
"MERCADOLIVRE*CLIMASOFT","Utensílios Casa"
"IFOOD  *IFD*WEST SIDE","Restaurante / Lanchonete / Bar"
"IFOOD   IFD MCHICKEN","Restaurante / Lanchonete / Bar"
"PADOKADOALF","Restaurante / Lanchonete / Bar"
"EVER GREEN","Restaurante / Lanchonete / Bar"
"IFD*MARGARETH LUCENA B","Supermercados / Mercearia / Padarias / Lojas de Conveniência"
"PAG JIMBURGERCO","Restaurante / Lanchonete / Bar"
"POSTO TIGRAO","Supermercados / Mercearia / Padarias / Lojas de Conveniência"
"IFOOD  *IFD*RAFAEL PO","Restaurante / Lanchonete / Bar"
"PAG*BAURU","TBD"
"IFD*NUTRINTI REFEICOES","Restaurante / Lanchonete / Bar"
"EMPPORIUM TATUAGEM E P","Especialidade varejo"
"IFOOD   IFD SEO PIERR","Restaurante / Lanchonete / Bar"
"ALEX RESTAURANTE","Restaurante / Lanchonete / Bar"
"CASA BRAZILLIS","Supermercados / Mercearia / Padarias / Lojas de Conveniência"
"REI DO MATE   BOULEVAR","Restaurante / Lanchonete / Bar"
"PAG MASSASESALGADOSOS","Restaurante / Lanchonete / Bar"
"IFOOD  *IFD*MOLIVATTO","Restaurante / Lanchonete / Bar"
"IFD*55.797.505 NATACHA","Restaurante / Lanchonete / Bar"
"IFD*RICHARD PARCIASEPE","Supermercados / Mercearia / Padarias / Lojas de Conveniência"
"IFD*SKINA - CHURRASCAR","Restaurante / Lanchonete / Bar"
"ANA TEREZA DE LIMA KO","Foto / Fotocópia"
"PAG RONALDODONIZETISA","Lazer / Festas"
"LOCCITANE BAURU BRESIL","Serviços pessoais"
"APP*MUSCLEBOSS 18","Supermercados / Mercearia / Padarias / Lojas de Conveniência"
"IFOOD  *IFD*47196549","Restaurante / Lanchonete / Bar"
"BEACHBURGER","Restaurante / Lanchonete / Bar"
"KIOLIN LANCHES E PETIS","Restaurante / Lanchonete / Bar"
"ALESSANDRAYURIKA","Serviços Profissionais"
"IFOOD  *IFD*MOREIRA D","Supermercados / Mercearia / Padarias / Lojas de Conveniência"
"CENTAURO COM BR","Vestuário / Roupas"
"VIVA FITNESS STORE LT","Especialidade varejo"
"BIKE SHOP BAURU COMERC","Recreativo"
"UBESDNE","Serviços Profissionais"
"DROGAL PIRAC*DROGAL EC","Empresa para empresa"
"HNA*EUDORA","Serviços pessoais"
"IFD*SUSHI DELIVERY THI","Supermercados / Mercearia / Padarias / Lojas de Conveniência"
"KOJI COMERCIO DE ALIM","Restaurante / Lanchonete / Bar"
"FILIAL BURGER KING FS","Restaurante / Lanchonete / Bar"
"IFOOD   IFD FABRICA D","Restaurante / Lanchonete / Bar"
"CATARINAFEST","Vestuário / Roupas"
"MP *ABAFE","TBD"
"BRADESCO AUTO RE","Seguro"
"PAG*PAOCASEIRODOCERIA","Supermercados / Mercearia / Padarias / Lojas de Conveniência"
"ELIANAMELO","Serviços Profissionais"
"IFOOD  *IFD*MARMITAS","Restaurante / Lanchonete / Bar"
"IFD*BWL ALIMENTOS LTDA","Restaurante / Lanchonete / Bar"
"MELHORDOG","Restaurante / Lanchonete / Bar"
"NELLITOS BURGER","Restaurante / Lanchonete / Bar"
"DIG MAX","Elétrico"
"IFD*SCHUCKAR  WOLBER A","Restaurante / Lanchonete / Bar"
"IFOOD  *IFD*TIZE BURG","Restaurante / Lanchonete / Bar"
"INDISCE INST.NAC.DE DE","Associação"
"TAYAYA ADMINISTRACAO E","T&E"
"SIMONE YOSHIKO UMETSU","Saúde / Dentista"
"MP *IMPERIODOESPETO","Supermercados / Mercearia / Padarias / Lojas de Conveniência"
"HDI SEGUROS SA","Seguro"
"9049  GRSA BOBS BARRA","Restaurante / Lanchonete / Bar"
"CROCODILLO","Presente"
"VANS   *ORDER86489593","Vestuário / Roupas"
"DAFITI *4590282378","Vestuário / Roupas"
"ZP*IFOODVIPSUSHI32493C","Supermercados / Mercearia / Padarias / Lojas de Conveniência"
"MERCADOLIVRE*GRAZIELA","Elétrico"
"MERCADOLIVRE*ONLYFISH","Empresa para empresa"
"IFOOD   IFD PADARIA V","Restaurante / Lanchonete / Bar"
"IFOOD   IFD TEMPEROS","Restaurante / Lanchonete / Bar"
"SISTEMA*POOL DE HOSPED","T&E"
"IFOOD  *IFD*PAO CARNE","Restaurante / Lanchonete / Bar"
"IG*DNE","Associação"
"IFD*RAFAEL PORTES LOUR","Restaurante / Lanchonete / Bar"
"EC*INSIDERSTORE","Vestuário / Roupas"
"4033 - SAMS BAURU","Supermercados / Mercearia / Padarias / Lojas de Conveniência"
"NETFLIX.COM","Assinatura / Streaming"
"IFOOD  *IFD*GRUPO FAR","Supermercados / Mercearia / Padarias / Lojas de Conveniência"
"CASA DO BISCOITO DE BA","Supermercados / Mercearia / Padarias / Lojas de Conveniência"
"EMDURB","Governo"
"PAG WANDERLEYBORGES","Transporte Aplicativo"
"IFD*YARA MITIKO FUKUSH","Restaurante / Lanchonete / Bar"
"VALMIRDINIZDOS","Serviços Profissionais"
"IFOOD   SR SORVETE BA","Restaurante / Lanchonete / Bar"
"SODIE DOCES BAURU","Restaurante / Lanchonete / Bar"
"IFD*51.025.296 FELIPE","Supermercados / Mercearia / Padarias / Lojas de Conveniência"
"WANDO","Empresa para empresa"
"IFOOD   IFD ROVERE SA","Restaurante / Lanchonete / Bar"
"DM*UDEMY","Educacional"
"PAG*SVAUTOMECANICA","Relacionados a Automotivo"
"ABASTEC*ABASTECE AI","Relacionados a Automotivo"
"IFD*FRANQUIA7 COMERCIO","Restaurante / Lanchonete / Bar"
"PADARIA VO ANGELINA","Supermercados / Mercearia / Padarias / Lojas de Conveniência"
"AGRO SOLO","Especialidade varejo"
"IFOOD  *IFD*CARLOS AL","Restaurante / Lanchonete / Bar"
"BAR DE PRAIA E RESTAUR","Restaurante / Lanchonete / Bar"
"IFD*MARIA ELIZABET OLI","Restaurante / Lanchonete / Bar"
"IFOOD  *IFD*LUCAS CER","Restaurante / Lanchonete / Bar"
"UMEUME PRESENTES","Marketing Direto"
"HUBFINTECH ZATTINI","Vestuário"
"IFOOD  *IFD*MANA POKE","Restaurante / Lanchonete / Bar"
"DROGARIA RDS*DROGARIA","Assistência médica e odontológica"
"MERCADOLIVRE*CAMPINAS","Especialidade varejo"
"ELIZETE DOCES","Supermercados / Mercearia / Padarias / Lojas de Conveniência"
"POSTOPADILHAO","Relacionados a Automotivo"
"PP     *MENINASHOES","Vestuário / Roupas"
"IFD*IFOOD CLUB","Restaurante / Lanchonete / Bar"
"59761555ROSANGELA","Empresa para empresa"
"KEITE SUZUKI MIYA","Restaurante / Lanchonete / Bar"
"FOR ALL PIZZARIA","Restaurante / Lanchonete / Bar"
"IFOOD   IFD CAFETERIA","Restaurante / Lanchonete / Bar"
"DOM PIMENTA","Restaurante / Lanchonete / Bar"
"IFD*WESLEY APARECIDO D","Transporte"
"ADIQPLU DARK STORE PAR","Supermercados / Mercearia / Padarias / Lojas de Conveniência"
"MIRANDA PANIFICADORA E","Supermercados / Mercearia / Padarias / Lojas de Conveniência"
"IFOOD  *IFD*BRUNO BEN","Restaurante / Lanchonete / Bar"
"DENTAL ORTO LINE COME","Supermercados / Mercearia / Padarias / Lojas de Conveniência"
"TENDA ATACADO S A","Supermercados / Mercearia / Padarias / Lojas de Conveniência"
"IZ BANCA JAMIL E CIDA","Supermercados / Mercearia / Padarias / Lojas de Conveniência"
"IFOOD  *IFD*MCDONALDS","Restaurante / Lanchonete / Bar"
"F.S. BAURU","Restaurante / Lanchonete / Bar"
"MERCADOLIVRE*5PRODUTO","Arte / Artesanato / Passatempo"
"MERCADOLIVRE TREVILARP","Casa / Escritório Mobiliário"
"JALOVI LIVRARIA","Material Escolar"
"IFD*27.740.981 PAULA C","Restaurante / Lanchonete / Bar"
"LEVI STRAUSS LOJALEVIS","Vestuário / Roupas"
"ALEXANDRO JOSE PAVARIN","Supermercados / Mercearia / Padarias / Lojas de Conveniência"
"GOOGLE STORAGE","Internet / Armazenamento"
"OSCAR CALCADOS","Calçado"
"IFOOD  *IFD*MELANCIA","Restaurante / Lanchonete / Bar"
"SILVANA ALMEIDA GODIN","Supermercados / Mercearia / Padarias / Lojas de Conveniência"
"IFOOD  *IFD*TOP ACAI","Restaurante / Lanchonete / Bar"
"MERCADOLIVRE*FRANCESI","Especialidade varejo"
"FRUTARA COMERCIO VAREJ","Restaurante / Lanchonete / Bar"
"PAG*POUSADATIBIRICA","T&E"
"MUSTACHE BAURU","Cuidado pessoal / Higiene / Saúde / Estética"
"IFOOD  *IFD*40360108","Restaurante / Lanchonete / Bar"
"VILLE BAR","Restaurante / Lanchonete / Bar"
"IFD*ESTORIL LANCHES LT","Supermercados / Mercearia / Padarias / Lojas de Conveniência"
"ALLIANCE JIU JITSU BAU","Especialidade varejo"
"MERCADOLIVRE*UTILIMIX","Empresa para empresa"
"IFOOD   IFD MADE IN H","Restaurante / Lanchonete / Bar"
"VASCO WORLDWIDE BRAZIL","Serviços pessoais"
"MINHA QUITANDINHA","Supermercados / Mercearia / Padarias / Lojas de Conveniência"
"CANARIO BEBIDAS 2","Restaurante / Lanchonete / Bar"
"IFD*47196549 JEAN ANDR","Restaurante / Lanchonete / Bar"
"DROGASIL 1268","Saúde / Medicamento"
"NATAN RUAN NECKEL","Vestuário / Roupas"
"NOSSO QUINTAL BAURU","Restaurante / Lanchonete / Bar"
"TOPSHOP","Vestuário / Roupas"
"SEMPRE PRESENTES","Especialidade varejo"
"IFD*JOLIE CAFE LTDA","Supermercados / Mercearia / Padarias / Lojas de Conveniência"
"99APP       *99APP","Transporte Aplicativo"
"MP *MERCADOLIVRE","Departamento / Desconto"
"FARMACIA NISSEI","Assistência médica e odontológica"
"MOLHIN RESTAURANTE","Supermercados / Mercearia / Padarias / Lojas de Conveniência"
"PG *ROVITEX ROVITEX","Vestuário / Roupas"
"KAZUYA ALIMENTOS","Restaurante / Lanchonete / Bar"
"KUEKAO","Vestuário / Roupas"
"MERCADOLIVRE*HIPERFES","Supermercados / Mercearia / Padarias / Lojas de Conveniência"
"GOOGLE VIKI INC","Entretenimento"
"MERCADOLIVRE SUPERSAL","Material Escolar"
"CEA BAU 383 ECPC","Vestuário / Roupas"
"IFD*FABRICA DE ACAI LT","Supermercados / Mercearia / Padarias / Lojas de Conveniência"
"BIOLAB","Assistência médica e odontológica"
"IFOOD  *IFD*BENTOYA D","Restaurante / Lanchonete / Bar"
"PADARIA TRIGAL","Supermercados / Mercearia / Padarias / Lojas de Conveniência"
"HOTEL PREMIUM NORTE","Lazer / Estadia / Viagem"
"SPT KIDS OUTLET","Vestuário / Roupas"
"SUCO BAGACO","Restaurante / Lanchonete / Bar"
"IFD*A C OLIVEIRA","Supermercados / Mercearia / Padarias / Lojas de Conveniência"
"PIZZA DE NAPOLI","Restaurante / Lanchonete / Bar"
"IFOOD  *IFD*CASA LU L","Supermercados / Mercearia / Padarias / Lojas de Conveniência"
"JIM.COM* GALI FITNESS","Vestuário / Roupas"
"TEM TUDO HOUSEWARE","Supermercados / Mercearia / Padarias / Lojas de Conveniência"
"MP *KEEJU","Supermercados / Mercearia / Padarias / Lojas de Conveniência"
"99APP       *99APP","Transporte"
"IFD*CRISTIANO TURCO CO","Restaurante / Lanchonete / Bar"
"LANUTRICAO","Assistência médica e odontológica"
"PAG MARIANACUNHABASTO","Lazer / Tattoo"
"IFOOD   IFD PADARIA E","Restaurante / Lanchonete / Bar"
"MP *QUEROPASSAGEM","Transporte"
"NEXUS8","TBD"
"IFD*RANGO SIMPLE FOOD","Supermercados / Mercearia / Padarias / Lojas de Conveniência"
"PAG VALDIMEIRE","TBD"
"MERCADOLIVRE*FLOWPETS","Especialidade varejo"
"IFD*MTG BAURU LTDA","Restaurante / Lanchonete / Bar"
"IFD*NAYLA MELHEM","Restaurante / Lanchonete / Bar"
"CASA BRASILIS","Restaurante / Lanchonete / Bar"
"CAPPTA *PEREZ & CONCON","Restaurante / Lanchonete / Bar"
"RENASS","Supermercados / Mercearia / Padarias / Lojas de Conveniência"
"IFD*IVANKIO  BAUERNEBL","Restaurante / Lanchonete / Bar"
"MERCADOLIVRE*YOURHOUS","Departamento / Desconto"
"FLIPPER LANCHES","Restaurante / Lanchonete / Bar"
"CAMARAO E CIA","Restaurante / Lanchonete / Bar"
"MP *EDUARDO","TBD"
"BR1*ROCKETSEAT","Serviços de telecomunicações"
"PG *CAKTO PAY LTDA","Serviços de telecomunicações"
"MASSASESALGADOSOS","Supermercados / Mercearia / Padarias / Lojas de Conveniência"
"SHOPEE*SHOPEE*XHLELETR","Elétrico"
"ANA","Restaurante / Lanchonete / Bar"
"SEOMANDA","Restaurante / Lanchonete / Bar"
"IFD*TELMA CRISTINA SOU","Restaurante / Lanchonete / Bar"
"ANPGDNE","Serviços Profissionais"
"GOOGLE YOUTUBE VIDEOS","Assinatura / Streaming"
"IFOOD  *IFD*FERNANDO","Restaurante / Lanchonete / Bar"
"NA BRASA","Restaurante / Lanchonete / Bar"
"PITIKAS BURGUER","Restaurante / Lanchonete / Bar"
"MARE NOSTRO COMERCIO","Especialidade varejo"
"NACOES LAR CENTER","Materiais de construção para casa"
"LA FEMME","Vestuário / Roupas"
"IFOOD  *IFD*COMPANHIA","Supermercados / Mercearia / Padarias / Lojas de Conveniência"
"MP  PAOCASEIRO","Empresa para empresa"
"PIT STOP LANCHONETE","Supermercados / Mercearia / Padarias / Lojas de Conveniência"
"LA ADELINA FOCACCERIA","Restaurante / Lanchonete / Bar"
"MERCADOLIVRE*MERCADOL","Arte / Artesanato / Passatempo"
"MERCADOLIVRE ELETROFE","Manutenção / Casa"
"RIACHUELO","Vestuário / Roupas"
"IFD*SERGIO ALVES ARCAN","Restaurante / Lanchonete / Bar"
"MERCADO*EBAZARCOMBRLT","Departamento / Desconto"
"MERCADOLIVRE NIKINHOS","Vestuário / Roupas"
"IFOOD  *IFD*LASESA RE","Restaurante / Lanchonete / Bar"
"BIGOTO CIA RESTAURANTE","Restaurante / Lanchonete / Bar"
"LOJASWEETPANDA","Especialidade varejo"
"ABUELITA SALGADOS","Restaurante / Lanchonete / Bar"
"EVENTOS","Serviços Profissionais"
"PROESTE PRUDENTE","Automotivo"
"PAYGO*VILLA DO CHOPP","Restaurante / Lanchonete / Bar"
"BURGER KING APP","Restaurante / Lanchonete / Bar"
"IFOOD   IFD A MARMITA","Restaurante / Lanchonete / Bar"
"MERCADOLIVRE INJETECH","TBD"
"MP*SHELLBOX","Combustível"
"EDUARDO MITSUO KAMIA","Marketing Direto"
"IFD*RESTAURANTE OLIVEI","Restaurante / Lanchonete / Bar"
"MERCADOLIVRE*2PRODUTO","Especialidade varejo"
"SIMONE YOSHIKO UMETSU","Assistência médica e odontológica"
"28544394GABRIELA","Supermercados / Mercearia / Padarias / Lojas de Conveniência"
"SORVETERIA PINGUIM","Restaurante / Lanchonete / Bar"
"WELLHUB GYMPASS BR WEL","Marketing Direto"
"APARECIDA DA CONCEICAO","Restaurante / Lanchonete / Bar"
"PG  TON BOLA DOCES C","Supermercados / Mercearia / Padarias / Lojas de Conveniência"
"IFOOD       *IFOOD","Restaurante / Lanchonete / Bar"
"UBER* TRIP","Transporte"
"IFD*SUSHI DELIVERY THI","Restaurante / Lanchonete / Bar"
"DAUNS BAURU SHOPPING","Supermercados / Mercearia / Padarias / Lojas de Conveniência"
"PG  TON KUSKO","Serviços pessoais"
"ONTICKETAUTOMACAO","Aluguel"
"PADARIA DO REI","Supermercados / Mercearia / Padarias / Lojas de Conveniência"
"IFOOD   IFD STREET FO","Restaurante / Lanchonete / Bar"
"TAHINI","Restaurante / Lanchonete / Bar"
"PAGUE MENOS         06","Assistência médica e odontológica"
"IFD*AILTON LEANDRO FER","Restaurante / Lanchonete / Bar"
"CHAVEIRO DESTAK","Empresa serviços"
"DROGARIA ONL","Saúde / Medicamento"
"RCCHANALMEIDA","Restaurante / Lanchonete / Bar"
"MERCADOLIVRE LOJASNAN","Empresa para empresa"
"PRADAO AUTO CENTER","Manutenção / Carro"
"MERCADOLIVRE*CARRAONO","Marketing Direto"
"IFOOD  *IFD*TETE CONF","Supermercados / Mercearia / Padarias / Lojas de Conveniência"
"SR  SORVETE","Supermercados / Mercearia / Padarias / Lojas de Conveniência"
"IFOOD   IFD APPREZZI","Restaurante / Lanchonete / Bar"
"IFD*TSA MADE IN HOUSE","Restaurante / Lanchonete / Bar"
"Pagamento Efetuado       ","-"
"IFOOD   IFD 430 GRADI","Restaurante / Lanchonete / Bar"
"IFD*MOREIRA DA CUNHA R","Supermercados / Mercearia / Padarias / Lojas de Conveniência"
"MERCADOLIVRE GONGZHEN","TBD"
"OTICA SNELL","Ótica"
"CASASBAHIA","-"
"IFOOD   IFD MARICEL S","Restaurante / Lanchonete / Bar"
"LOJAS AMERICANAS 16","Departamento / Desconto"
"IFOOD  *IFD*LEONEL GU","Restaurante / Lanchonete / Bar"
"SHOPEE *BRINCARBRINQUE","Arte / Artesanato / Passatempo"
"IFOOD        IFOOD","Restaurante / Lanchonete / Bar"
"MP *BARRACADAFATI","Departamento / Desconto"
"FARMACIAS PA*650","Assistência médica e odontológica"
"MARIANNEDOSSANTOS","Serviços Profissionais"
"AMERICANAS   GLS CABAN","Supermercados / Mercearia / Padarias / Lojas de Conveniência"
"IFD*COMPANHIA BRASILEI","Supermercados / Mercearia / Padarias / Lojas de Conveniência"
"FIU FIU BATATAS","Supermercados / Mercearia / Padarias / Lojas de Conveniência"
"RCP COMERCIO DE ALIMEN","Restaurante / Lanchonete / Bar"
"MERCADOLIVRE*TROPICAL","Empresa para empresa"
"THE ONE","Restaurante / Lanchonete / Bar"
"MEP*CARNAVAL YARA CLUB","Associação"
"AME*SHOPTIME.COM.BR","Departamento / Desconto"
"ALLIANZ SEGU*09 DE 10","Seguro"
"EC *SHELLBOX","Empresa para empresa"
"MERCADOLIVRE*56187399","Arte / Artesanato / Passatempo"
"RIACHUELO LO*JEANSERIA","Vestuário / Roupas"
"BAURU","TBD"
"PG *RWR CURSOS PREPARA","Educacional"
"PASTEL E CALDO DE CANA","Restaurante / Lanchonete / Bar"
"BAR DA ROSA","Restaurante / Lanchonete / Bar"
"IM* KEYCHRON.COM       +1","Departamento / Desconto"
"PAG RENNER","Vestuário"
"PATIO DO CHOPP","Restaurante / Lanchonete / Bar"
"CARREFOUR SAMS BAURU 1","Combustível"
"48961851 PAULO ROBERTO","Supermercados / Mercearia / Padarias / Lojas de Conveniência"
"SORVETERIA GYGABON","Restaurante / Lanchonete / Bar"
"52610131KARINA","Supermercados / Mercearia / Padarias / Lojas de Conveniência"
"IFD*MAX DOG DOGUERIA","Restaurante / Lanchonete / Bar"
"SUPERMERCADO AMIGAO","Supermercados / Mercearia / Padarias / Lojas de Conveniência"
"IFD*CELIO SEIZO ASITO","Restaurante / Lanchonete / Bar"
"IFOOD  *IFD*ACAITERIA","Restaurante / Lanchonete / Bar"
"ZANELATO E ROSOLEN CH","Supermercados / Mercearia / Padarias / Lojas de Conveniência"
"MERCADOLIVRE*MERCADOL","Departamento / Desconto"
"VILLA DO CHOPP","Restaurante / Lanchonete / Bar"
"EDITORA E DIST EDUCACI","Educacional"
"SMASHLEAGUE","Restaurante / Lanchonete / Bar"
"MLP     MAGAZINELUIZA","Departamento / Desconto"
"DROGARIA ONLINE","Saúde / Medicamento"
"IFD*60.211.628 GABRIEL","Supermercados / Mercearia / Padarias / Lojas de Conveniência"
"IFD*SANTA MASSA PIZZAS","Restaurante / Lanchonete / Bar"
"SUSIMARY CARDOSO DEROS","Supermercados / Mercearia / Padarias / Lojas de Conveniência"
"IFOOD   IFD KADOYA PA","Restaurante / Lanchonete / Bar"
"IFOOD   IFD DONA HELE","Restaurante / Lanchonete / Bar"
"IFOOD   KREPERIE LE K","Restaurante / Lanchonete / Bar"
"DROGASIL2038","Assistência médica e odontológica"
"MERCADOLIVRE PICHAUMP","Utensílios Computador"
"BILHETERIADIGITAL","Entretenimento"
"HAVAN BAURU","Utensílios Casa"
"CONTA VIVO","Serviços de telecomunicações"
"THEREZA GRILL","Restaurante / Lanchonete / Bar"
"IFD*WCD RESTAURANTE LT","Restaurante / Lanchonete / Bar"
"PAG ROQUEDALAQUA","Cuidado pessoal / Higiene / Saúde / Estética"
"53040690LAURENI","Supermercados / Mercearia / Padarias / Lojas de Conveniência"
"MADALE BAURU","Restaurante / Lanchonete / Bar"
"CDB CENTRO DE DIAGNOS","Exames"
"G & G AUTO POSTO","Relacionados a Automotivo"
"MERCADOLIVRE*MERCADOL","-"
"IFD*49.382.125 MILTON","Supermercados / Mercearia / Padarias / Lojas de Conveniência"
"MERCADOLIVRE*SANDRINI","Vestuário / Roupas"
"BURGER 21","Restaurante / Lanchonete / Bar"
"PAG MARCIAROSADE","Manutenção / Casa"
"VALLEY","Restaurante / Lanchonete / Bar"
"MUSEU DO CAFE DE PIRAT","Restaurante / Lanchonete / Bar"
"EDITORA SESI  SP","Educacional"
"JIMBARAN RESTAURANTE L","Restaurante / Lanchonete / Bar"
"IFOOD  *IFD*52044673","Restaurante / Lanchonete / Bar"
"IFD*THIAGO SEITI ASITO","Supermercados / Mercearia / Padarias / Lojas de Conveniência"
"PAG TOKUHARAPASTEL","Restaurante / Lanchonete / Bar"
"CHAVEIRO DESTAK","Manutenção / Casa"
"MP *ANA","Restaurante / Lanchonete / Bar"
"MLP    *KABUM-KABUM","Elétrico"
"COMIDA DE BOTECO","Restaurante / Lanchonete / Bar"
"BELA FLOR FLORICULTURA","Especialidade varejo"
"MERCADOLIVRE*BATISTAE","Departamento / Desconto"
"DROGARIA CATEDRAL LTD","Assistência médica e odontológica"
"ZP*WILSON FE53607","Transporte"
"IKEBANA-PRODUTOS ORIE","Supermercados / Mercearia / Padarias / Lojas de Conveniência"
"IFOOD   IFD SENHORA M","Restaurante / Lanchonete / Bar"
"LEVI STRAUSS*LOJALEVIS","Vestuário / Roupas"
"ALAMEDA STORE","Vestuário / Roupas"
"IFD*IFOOD CLUB","Marketing Direto"
"EC  ALIPAYBRASIL","Serviços pessoais"
"LOJAS RIACHUELO SA","Vestuário / Roupas"
"LOJAS RENNER FL 113","Vestuário / Roupas"
"3753DROGASIL","Saúde / Medicamento"
"DOM MARINO BAURU PIZZA","Restaurante / Lanchonete / Bar"
"CASA BURGO","Vestuário / Roupas"
"AIRBNB * HM2P4HP5YZ","Transporte"
"IFOOD   IFD ESTA A ME","Restaurante / Lanchonete / Bar"
"STARBUCKS 124 BAURUSHO","Supermercados / Mercearia / Padarias / Lojas de Conveniência"
"PAG MAURICIONACAMOTO","Supermercados / Mercearia / Padarias / Lojas de Conveniência"
"IFD*F.M. ARAUJO","Restaurante / Lanchonete / Bar"
"PPRO   *MICROSOFT","Entretenimento"
"BAURUCEL EBL","Serviços de telecomunicações"
"IFOOD  *IFD*MR NINUS","Restaurante / Lanchonete / Bar"
"ORTOBOM","Cama / Mesa / Banho"
"LUPO","Vestuário / Roupas"
"LAMEN WESTERN DJANGO","Marketing Direto"
"RAIA DROGASIL SA","Assistência médica e odontológica"
"CRISTINAMOLERO","Restaurante / Lanchonete / Bar"
"PAG RENNER","Vestuário / Roupas"
"PADARIA AVIACAO","Supermercados / Mercearia / Padarias / Lojas de Conveniência"
"ABASTEC*ABASTECE AI","Combustível"
"MERCADOLIVRE*FILTRODEB","TBD"
"PAG SUPERBOM","Supermercados / Mercearia / Padarias / Lojas de Conveniência"
"RI HAPPY","Presente"
"PAG TAKASHIIKEDA","Restaurante / Lanchonete / Bar"
"TAXA VISTO EUA GDIT    70","Empresa serviços"
"LAR PLACE","Especialidade varejo"
"MERCADOLIVRE*MANCLUB","Elétrico"
"IFD*PEDRO RODRIGUES DE","Supermercados / Mercearia / Padarias / Lojas de Conveniência"
"VANS TEODORO*ZZLINK","Vestuário / Roupas"
"PIRACICABANA BAURU","Transporte"
"F F DALLAQUA PIZZARIA","Restaurante / Lanchonete / Bar"
"AMAZONMKTPLC*NOGORACOM","Serviços de telecomunicações"
"VANESSA","Empresa para empresa"
"IFD*DONA BAUNILHA BAUR","Supermercados / Mercearia / Padarias / Lojas de Conveniência"
"IFOOD   IFD HOUSE POK","Restaurante / Lanchonete / Bar"
"MP *ORIGINALSMASHBUR","Supermercados / Mercearia / Padarias / Lojas de Conveniência"
"IFD*54.849.710 VITOR H","Foto / Fotocópia"
"DAFITI *4582541864","Vestuário / Roupas"
"ANA MARIA CASTELANI","Supermercados / Mercearia / Padarias / Lojas de Conveniência"
"VILLA VERDE MADURO","Restaurante / Lanchonete / Bar"
"MERCADOLIVRE*SAESOPRE","Departamento / Desconto"
"HNA*OBOTICARIO","Cuidado pessoal / Higiene / Saúde / Estética"
"MERCADOLIVRE LUNNAMIX","TBD"
"EXPEDIA DO BRASIL AGEN","Transporte"
"JIM.COM* 32154302 JUL","Recreativo"
"RAIMUNDAMARIA","Serviços Profissionais"
"99* POP 10ABR 16H34MIN","Transporte"
"MERCADOLIVRE*LUMEARBA","Materiais de construção para casa"
"LOPRETO L ESTETICA","Cuidado pessoal / Higiene / Saúde / Estética"
"MP *GUINAFESTBAUR","Especialidade varejo"
"ERIKA KARINE DA COSTA","Serviços pessoais"
"DAI ITI","Supermercados / Mercearia / Padarias / Lojas de Conveniência"
"BAURU HAMBURGUERS LTDA","Restaurante / Lanchonete / Bar"
"JPEREIRA","Consertos em Geral"
"IFD*BRUNA CAMILA CHAGA","Restaurante / Lanchonete / Bar"
"MERCADOLIVRE*NOVIDADE","Especialidade varejo"
"MERCADOLIVRE*XALM","Elétrico"
"LANCHES ALAMEDA QUALIT","Restaurante / Lanchonete / Bar"
"LJ CONV UNIVERSITARIA","Supermercados / Mercearia / Padarias / Lojas de Conveniência"
"4033   SAMS BAURU","Supermercados / Mercearia / Padarias / Lojas de Conveniência"
"IMB TEXTIL S.A.","Especialidade varejo"
"FARMASUL","Saúde / Medicamento"
"AMERICANAS   OLIST STO","Serviços Profissionais"
"CASA BUENO","Supermercados / Mercearia / Padarias / Lojas de Conveniência"
"GOOGLE ONE","Empresa serviços"
"ACAI DA BARRA","Restaurante / Lanchonete / Bar"
"LAURENTINO SORVETES LT","Restaurante / Lanchonete / Bar"
"EBN*SONYPLAYSTATN","Recreativo"
"HUB         *NETSHOES","Departamento / Desconto"
"SERVICOS CLA*149880217","Celular / Plano / Manutenção"
"IFD*BORGES RESTAURANTE","Restaurante / Lanchonete / Bar"
"AMAZON BR","Especialidade varejo"
"MERCADOLIVRE*STICKERD","Vestuário / Roupas"
"BRIN Q BRINQUEDOS E PR","Arte / Artesanato / Passatempo"
"PG *FOCO RADICAL","Serviços Profissionais"
"IFOOD   IFD BATATA E","Restaurante / Lanchonete / Bar"
"IFD*HELDER HENRIQUE DE","Supermercados / Mercearia / Padarias / Lojas de Conveniência"
"IFD*JOSE LAURO SEITI A","Restaurante / Lanchonete / Bar"
"VINICIUS MOLINA PIRES","Supermercados / Mercearia / Padarias / Lojas de Conveniência"
"PAG ESMALTERIAUNHAS","Cuidado pessoal / Higiene / Saúde / Estética"
"BUONA FORTUNA PIZZARIA","Restaurante / Lanchonete / Bar"
"IFOOD   IFD BENTOYA D","Restaurante / Lanchonete / Bar"
"INGRESSO.COM","Entretenimento"
"IFD*AKIRA YAMASHITA 06","Restaurante / Lanchonete / Bar"
"SEO MANDA","Restaurante / Lanchonete / Bar"
"BENEDETTO GELATERIA","Restaurante / Lanchonete / Bar"
"MP  JRREFRIGER","Construção"
"IFD*JAQUE MATIAS DOCER","Supermercados / Mercearia / Padarias / Lojas de Conveniência"
"IFD*FOUR FOOD BRASIL S","Restaurante / Lanchonete / Bar"
"IFOOD  *IFD*CARMEN SI","Restaurante / Lanchonete / Bar"
"IFOOD  *IFD*PUNTO NAC","Restaurante / Lanchonete / Bar"
"IFOOD  *IFD*VICTORIA","Restaurante / Lanchonete / Bar"
"DIGITAL COPY CENTER","Documentos / Impressões"
"BRS*SHEINCOM","Vestuário / Roupas"
"MERCADOLIVRE CASAPAUL","TBD"
"DROGALAR","Assistência médica e odontológica"
"PORTO SEGURO SEGUROS","Seguro"
"IFOOD  *IFD*SABRINA L","Restaurante / Lanchonete / Bar"
"IFD*M.G.ARNES RESTAURA","Restaurante / Lanchonete / Bar"
"IFOOD  *IFD*HOUSE POK","Restaurante / Lanchonete / Bar"
"DIGITAL FLEX BAURU","Documentos / Impressões"
"IFD         *ZAMP SA","Restaurante / Lanchonete / Bar"
"IFOOD   IFD DIVINA MA","Restaurante / Lanchonete / Bar"
"IFD*H PALUDO CHURRASCA","Restaurante / Lanchonete / Bar"
"MERCADOLIVRE*WDRCELUL","Serviços de telecomunicações"
"MP *58455255SAMUE","Restaurante / Lanchonete / Bar"
"JOSIAS GARCIA","Supermercados / Mercearia / Padarias / Lojas de Conveniência"
"IFOOD  *IFD*BRUNA CAM","Supermercados / Mercearia / Padarias / Lojas de Conveniência"
"IFOOD  *IFD*58062918","Restaurante / Lanchonete / Bar"
"IFOOD   IFD AKIRAS DE","Restaurante / Lanchonete / Bar"
"PAG RICARDOTOSHIO","TBD"
"AMAZON BR","Departamento / Desconto"
"ANDREA","TBD"
"IFD*IFOOD CLUB","Associação"
"UBER UBER *TRIP HELP.U","Transporte"
"IFOOD  *IFD*ANDRADE L","Restaurante / Lanchonete / Bar"
"RAULFELIPE","Serviços pessoais"
"AMAZON COM BR DIGITAL","Supermercados / Mercearia / Padarias / Lojas de Conveniência"
"PAG*MARISAYOSHIE","TBD"
"JERONIMO TRACK   AV N","Restaurante / Lanchonete / Bar"
"IFD*BRUNO BENTO 446184","Empresa para empresa"
"IFOOD  *IFD*AGH PIZZA","Supermercados / Mercearia / Padarias / Lojas de Conveniência"
"MERCADOPAGO *EQUILIBR","Especialidade varejo"
"ANAPAULARODRIGUES","Empresa serviços"
"RESTAURANTEE","Restaurante / Lanchonete / Bar"
"MERCADOLIVRE*YMCOMERC","Casa / Escritório Mobiliário"
"IFD*OLIVEIRA  PIMENTA","Restaurante / Lanchonete / Bar"
"IFD*D HUNZIKER E L RAT","Restaurante / Lanchonete / Bar"
"MILKARESTAURANTE","Restaurante / Lanchonete / Bar"
"IFD*52.562.146 NAYARA","Restaurante / Lanchonete / Bar"
"PG *TON SUCO DO FEIR","Supermercados / Mercearia / Padarias / Lojas de Conveniência"
"PAG*MONCLAIRMEIASE","Vestuário / Roupas"
"IFD    *MTG BAURU LTDA","Restaurante / Lanchonete / Bar"
"MERCADOLIVRE*SEMJCOME","Departamento / Desconto"
"MERCADOLIVRE*DMCOMERC","Departamento / Desconto"
"MARE NOSTRO","Especialidade varejo"
"TOP CELL","Serviços de telecomunicações"
"MICROSOFT*STORE","Entretenimento"
"PAG RICARDOCESARNABAO","Celular / Plano / Manutenção"
"LANCHONETE ZOO","Lazer / Festas"
"MATHEVI","Material Escolar"
"BAR AERO CLUB BAURU","Restaurante / Lanchonete / Bar"
"CASASBAHIA","Departamento / Desconto"
"IFOOD   IFD ZAMMER IN","Restaurante / Lanchonete / Bar"
"MERCADOLIVRE*MERCADOLI","TBD"
"LAR PLACE  BAURU","Especialidade varejo"
"BUBBLE TEA BAURU","Restaurante / Lanchonete / Bar"
"IFD*46.279.963 BRUNO P","Restaurante / Lanchonete / Bar"
"AMAZON BR","TBD"
"DM*SUPERPROF PASSE ALU","Serviços Profissionais"
"POSTO ARAUJO LEITE","Combustível"
"IFOOD   IFD SR SORVET","Restaurante / Lanchonete / Bar"
"MERCADOLIVRE*MARCIO","Relacionados a Automotivo"
"SILVIADESOUZA","Serviços Profissionais"
"CHOCONACOES","Supermercados / Mercearia / Padarias / Lojas de Conveniência"
"GULAS KIDS FESTAS E EV","Restaurante / Lanchonete / Bar"
"ELETRO GLOBO","Manutenção / Casa"
"HUB*NETSHOES","Departamento / Desconto"
"FITONATUREZA FARMACIA","Assistência médica e odontológica"
"CENTRO DE ATIVIDADES-","Educacional"
"IFD*SR SORVETE BAURU C","Restaurante / Lanchonete / Bar"
"IFOOD  *IFD*BAR DO BR","Restaurante / Lanchonete / Bar"
"IFOOD   IFD BURGER DO","Restaurante / Lanchonete / Bar"
"ADHEMAR DO CARMO SALGA","Supermercados / Mercearia / Padarias / Lojas de Conveniência"
"DAFITI *4598099640","Vestuário / Roupas"
"IFOOD   IFD MR NINUS","Restaurante / Lanchonete / Bar"
"OUTBACK BAURU","Restaurante / Lanchonete / Bar"
"NACOESUNIDAS","Materiais de construção para casa"
"GOOD SHOP","Especialidade varejo"
"NETFLIX COM","Assinatura / Streaming"
"TETE VILLAGIO","Restaurante / Lanchonete / Bar"
"IFD*CALI CLUB EVENTOS","Restaurante / Lanchonete / Bar"
"HWMARKET","Supermercados / Mercearia / Padarias / Lojas de Conveniência"
"BRITANIA ELETRONICOS S","Utensílios Casa"
"3752 DROGASIL","Assistência médica e odontológica"
"FLIPPER DELIVERY","Restaurante / Lanchonete / Bar"
"ALIEXPRESS","Utensílios Casa"
"GOOGLE CANDY CRUSH SA","Empresa serviços"
"MERCADOPAGO *PETWEB","Especialidade varejo"
"PAULALARISSA","Serviços Profissionais"
"E-COM HERING","Vestuário / Roupas"
"BAURU FORMULAS","Assistência médica e odontológica"
"PASTELARIA","Restaurante / Lanchonete / Bar"
"IFD*PADARIA COPACABANA","Supermercados / Mercearia / Padarias / Lojas de Conveniência"
"BPS MARIA APARECIDA PA","Supermercados / Mercearia / Padarias / Lojas de Conveniência"
"POINTACARAJE","Supermercados / Mercearia / Padarias / Lojas de Conveniência"
"IFOOD  *IFD*SAMUEL DO","Restaurante / Lanchonete / Bar"
"EBN*SONYPLAYSTATN","Entretenimento"
"IFOOD  *IFD*49988480","Restaurante / Lanchonete / Bar"
"AMAZONMKTPLC*CLEIDIOMA","Especialidade varejo"
"IFD*ARILDO DA CUNHA FR","Restaurante / Lanchonete / Bar"
"IFOOD   IFD COMANDANT","Restaurante / Lanchonete / Bar"
"PAYU        *ADIDAS","Vestuário / Roupas"
"RAFFA CONFEITARIA","Supermercados / Mercearia / Padarias / Lojas de Conveniência"
"IFD*30.999.764 CARLOS","Supermercados / Mercearia / Padarias / Lojas de Conveniência"
"WIN ESPETINHOS","Restaurante / Lanchonete / Bar"
"IFOOD   IFD A DONNA L","Restaurante / Lanchonete / Bar"
"IFOOD  *IFD*BWL ALIME","Restaurante / Lanchonete / Bar"
"GOOGLE YOUTUBEPREMIUM","Empresa para empresa"
"PAG*ANDREAAPARECIDADA","Supermercados / Mercearia / Padarias / Lojas de Conveniência"
"MULTIPLEX BAURU SHOPPI","Lazer / Festas"
"IFOOD  *IFD*DONA BAUN","Restaurante / Lanchonete / Bar"
"MP *MAREBIJU","Vestuário / Roupas"
"EBN    *SONYPLAYSTATN","Entretenimento"
"CONFIANCA CASTELO","Supermercados / Mercearia / Padarias / Lojas de Conveniência"
"OTICA IMAGEM","Assistência médica e odontológica"
"IFOOD  *IFD*FABRICA D","Supermercados / Mercearia / Padarias / Lojas de Conveniência"
"VICTOR HUGO BABA E C","Serviços Profissionais"
"AMAZONMKTPLC*MLOMAZICA","Elétrico"
"MOTORISTA POR APLICATI","Transporte Aplicativo"
"IFD*CELIA REGINA MISAK","Relacionados a Automotivo"
"LUSO BAURU","Lazer / Festas"
"IFOOD  *IFD*MAX DOG D","Restaurante / Lanchonete / Bar"
"IFOOD  *IFD*MADE IN H","Restaurante / Lanchonete / Bar"
"ISABELLAFAGUNDES","Serviços Profissionais"
"COISA BOA DO CHEFE MOA","Restaurante / Lanchonete / Bar"
"CIA DA TOSA","Especialidade varejo"
"MERCEARIA DOM PIMENTA","Restaurante / Lanchonete / Bar"
"MP SHELLBOX","Combustível"
"IFOOD  *IFD*VINICIUS","Restaurante / Lanchonete / Bar"
"PAG*CLEIDEFATIMA","TBD"
"GABRIEL AMORIM NARDI","TBD"
"IFD*39.342.101 OCTAVIO","Restaurante / Lanchonete / Bar"
"ALLIANZ SEGU*08 DE 10","Seguro"
"PERNAMBUCANAS-FL.438","Departamento / Desconto"
"EC SHELLBOX","Combustível"
"SHEIN.COM*SHEINCOM","Serviços Profissionais"
"IFOOD   IFD BEM DOCES","Restaurante / Lanchonete / Bar"
"DROGARIA ONL*DROGARIA","Assistência médica e odontológica"
"GOOGLE YOUTUBEPREMIUM","Empresa serviços"
"IFD*ALLAN DE CARVALHO","Restaurante / Lanchonete / Bar"
"IFOOD  *IFD*DU CHEFF","Restaurante / Lanchonete / Bar"
"IFOOD  *IFD*PAO DE AC","-"
"VFS BRASIL SERVICOS DE","Serviços pessoais"
"COBAR BAURU","Restaurante / Lanchonete / Bar"
"GARCIA GARCIA CHOPERIA","Restaurante / Lanchonete / Bar"
"RI HAPPY BRINQUEDOS","Arte / Artesanato / Passatempo"
"PAG*JAQUELINENEBO","TBD"
"IFD*L.S. SOUZA MARTINS","Restaurante / Lanchonete / Bar"
"F E  BASSETTO PNEUS E","Relacionados a Automotivo"
"APP    *MARTINSFONTEP","Departamento / Desconto"
"IFD*NELLITOS BURGER LT","Restaurante / Lanchonete / Bar"
"MERCADOLIVRE*VIPCAPAS","Casa / Escritório Mobiliário"
"LELOS BATIDAS","Restaurante / Lanchonete / Bar"
"SANTO FOGO BAURU","Restaurante / Lanchonete / Bar"
"PAG VOSSABREJA","Restaurante / Lanchonete / Bar"
"RIACHUELO LO ROVITEX","Vestuário / Roupas"
"EDILENE BARBOZA PETRU","Vestuário / Roupas"
"IFD*PAHAY COZINHA ORIE","Supermercados / Mercearia / Padarias / Lojas de Conveniência"
"MLP*ESTANTE V-O LIVRO","Empresa para empresa"
"GOOD SHOP PRESENTES","Especialidade varejo"
"UBER    UBER    TRIP","Transporte"
"VILA DE SAO FRANCISCO","Restaurante / Lanchonete / Bar"
"MERCADOLIVRE*LEONINAD","Empresa para empresa"
"TRICAE  4570018876","Vestuário / Roupas"
"IFD*HONDZ BURGER HAMBU","Supermercados / Mercearia / Padarias / Lojas de Conveniência"
"Inclusao de Pagamento    ","-"
"IFD KFC   BAURU","Restaurante / Lanchonete / Bar"
"PAYPAL *ROSAN SPORT","Especialidade varejo"
"LA DONOSTI","Restaurante / Lanchonete / Bar"
"DANUS BOULEVARD GD","Restaurante / Lanchonete / Bar"
"COBASI BAURU","Especialidade varejo"
"DM *OPEN ENGLISH BR","Estudo"
"MERCADOLIVRE EDERTORR","TBD"
"BARBEARIA DAVID RAMALH","Barbearia"
"JLV LIVRARIA LTDA","Material Escolar"
"DROGALIS RIVIERA","Assistência médica e odontológica"
"IFOOD  *IFD*SCHUCKAR","Restaurante / Lanchonete / Bar"
"BAR AERO CLUBE BAURU","Restaurante / Lanchonete / Bar"
"BURGUER 21","Restaurante / Lanchonete / Bar"
"JULIOOVIDIO","Serviços Profissionais"
"ZP*IFOODBURGBAUR5DD1CF","Supermercados / Mercearia / Padarias / Lojas de Conveniência"
"MERCADOLIVRE*EDSOUND","Arte / Artesanato / Passatempo"
"MOREIRA DA CUNHA RESTA","Restaurante / Lanchonete / Bar"
"IFD*AL DAR RESTAURANTE","Restaurante / Lanchonete / Bar"
"AMAZONMKTPLC*MERCADOME","Arte / Artesanato / Passatempo"
"IFD*FRANCISCO DE ASSIS","Restaurante / Lanchonete / Bar"
"IFD*PEREZ  CONCON LTDA","Restaurante / Lanchonete / Bar"
"MP *ALIEXPRESS","Serviços Profissionais"
"AMAZONMKTPLC*FABISHOPL","Especialidade varejo"
"MERCADOLIVRE*2PRODUTO","Vestuário / Roupas"
"MERCADOLIVRE AMARETTOC","Serviços de telecomunicações"
"IFOOD  *IFD*PAO DE AC","Supermercados / Mercearia / Padarias / Lojas de Conveniência"
"MERCADOLIVRE*LEITURAC","Especialidade varejo"
"IFD*D.S RESTAURANTE LT","Restaurante / Lanchonete / Bar"
"ENCANTO FANTASIAS","Vestuário / Roupas"
"TOKIO A L ME","Restaurante / Lanchonete / Bar"
"EMPORIO BAGGIO PRIME","Supermercados / Mercearia / Padarias / Lojas de Conveniência"
"IFD*VINICIUS MOLINA PI","Supermercados / Mercearia / Padarias / Lojas de Conveniência"
"ACQ ANTONIO FAUSTO DE","Manutenção / Carro"
"SUPERMERCADO TAUSTE","Supermercados / Mercearia / Padarias / Lojas de Conveniência"
"MP *LOTERIASONLINEGW2","Governo"
"DONA BAUNILHA","Supermercados / Mercearia / Padarias / Lojas de Conveniência"
"PUMA SPORTS LTDA.","Vestuário / Roupas"
"APP*PRACASA30119 30119","Serviços Profissionais"
"VINTAGE SHOP COMERCIO","Vestuário / Roupas"
"LOJAS AMERICANAS 296","Supermercados / Mercearia / Padarias / Lojas de Conveniência"
"TOKSTOK TOKSTOK-548793","Casa / Escritório Mobiliário"
"IFOOD  *IFD*REGAB COM","Supermercados / Mercearia / Padarias / Lojas de Conveniência"
"MESTRE DOG","Restaurante / Lanchonete / Bar"
"DROGARIARDSAUDE","Assistência médica e odontológica"
"IFOOD  *IFD*HELDER HE","Restaurante / Lanchonete / Bar"
"MATHEUS RUY CANO DE A","Restaurante / Lanchonete / Bar"
"RUDDY BAR E REST","Restaurante / Lanchonete / Bar"
"ATHENA GABRIEL VAZ","Restaurante / Lanchonete / Bar"
"DISKUNIVERSITARIA","Supermercados / Mercearia / Padarias / Lojas de Conveniência"
"AMAZON MARKETPLACE","Departamento / Desconto"
"TOKUHARA PASTEIS","Restaurante / Lanchonete / Bar"
"SHOPEE *BELAANTENADA","Serviços Profissionais"
"IFOOD CLUB","Associação"
"VHNPCOMERCIOALIME","Restaurante / Lanchonete / Bar"
"IFD*DROGARIA SAO PAULO","Assistência médica e odontológica"
"IFOOD  *IFD*DAUNS EXP","Restaurante / Lanchonete / Bar"
"KOMBIFOOD","Supermercados / Mercearia / Padarias / Lojas de Conveniência"
"VINDI  *BOLSASBOHO","Vestuário / Roupas"
"IFD*AGH PIZZARIA LTDA","Restaurante / Lanchonete / Bar"
"POSTO AEROPORTO - LK 2","TBD"
"IFD*43.105.338 PAULO R","Restaurante / Lanchonete / Bar"
"IFOOD  *IFD*AXEL MONT","Restaurante / Lanchonete / Bar"
"CASA DO BISCOITO BAURU","Supermercados / Mercearia / Padarias / Lojas de Conveniência"
"PAG*ELLENDEGERALDOVAL","Supermercados / Mercearia / Padarias / Lojas de Conveniência"
"ZABEU PANIFICADORA E R","Supermercados / Mercearia / Padarias / Lojas de Conveniência"
"APALOOSA","Restaurante / Lanchonete / Bar"
"IFOOD  *IFD*A MARMITA","Restaurante / Lanchonete / Bar"
"EA PRODUCAO E EVENTOS","TBD"
"RODOSNACK CASTELO LANC","Restaurante / Lanchonete / Bar"
"NORD SORVETES","Restaurante / Lanchonete / Bar"
"VINICIOSDESOUZA","Serviços Profissionais"
"QUEEN SEMI JOIAS","Especialidade varejo"
"SIGMA ESCOLA DANCA","Recreativo"
"CHOCOLATES RIO BRANCO","Supermercados / Mercearia / Padarias / Lojas de Conveniência"
"IFOOD  *IFD*FS FAST B","Restaurante / Lanchonete / Bar"
"SAN MARCOS MINI MERCAD","Supermercados / Mercearia / Padarias / Lojas de Conveniência"
"AMAZONPRIMEBR","Marketing Direto"
"JALOVI LIVRARIA","Especialidade varejo"
"IFD*ESTANISLAU PIASECK","Restaurante / Lanchonete / Bar"
"IFOOD  *IFD*DANILO HE","Restaurante / Lanchonete / Bar"
"PAG OTICABRAGA","Ótica"
"IFD*13.179.687 GUSTAVO","Restaurante / Lanchonete / Bar"
"IKEBANA PRODUTOS ORIE","Supermercados / Mercearia / Padarias / Lojas de Conveniência"
"TROPPOCAFETERIA","Restaurante / Lanchonete / Bar"
"IFOOD  *IFD*PIZZARIA","Restaurante / Lanchonete / Bar"
"MCDONALDS - ARCOS DOUR","Restaurante / Lanchonete / Bar"
"NETFLIX ENTRETENIMENTO","TV por assinatura / Serviços de rádio"
"BERLIN  EMDURB","Governo"
"KALUNGA.COM","Utensílios Casa"
"MERCADOLIVRE LASCOSAS","Departamento / Desconto"
"DU CHEFF KREPERIA","Restaurante / Lanchonete / Bar"
"MP  VLADISTATTOO","Serviços pessoais"
"ESTACAO BAURU DE ALIME","Restaurante / Lanchonete / Bar"
"IFD*RODRIGUES SOBREMES","Restaurante / Lanchonete / Bar"
"ABASTEC ABASTECE AI","Combustível"
"MOLHIN DE FILE","Restaurante / Lanchonete / Bar"
"EMPORIO PRIME","Supermercados / Mercearia / Padarias / Lojas de Conveniência"
"IFOOD   IFD TOP ACAI","Restaurante / Lanchonete / Bar"
"GRAO ESPRESSO","Restaurante / Lanchonete / Bar"
"PAO DE ACUCAR-2449","Supermercados / Mercearia / Padarias / Lojas de Conveniência"
"IFOOD  *IFD*LEANDRO M","Restaurante / Lanchonete / Bar"
"SULEIDYSAURORA","Serviços Profissionais"
"VETSTECNOLOGIA","Recreativo"
"IFD*DIONA NASCIMENTO D","Restaurante / Lanchonete / Bar"
"PG  PRIMEIRAMESA PRIME","Marketing Direto"
"NACOES UNIDAS COMERCIO","Materiais de construção para casa"
"IFOOD  *IFD*FABRICA D","Restaurante / Lanchonete / Bar"
"IFOOD   IFD PARMEGIAN","Restaurante / Lanchonete / Bar"
"IFD*DIEGO AUGUSTO SECO","Restaurante / Lanchonete / Bar"
"CHIQUINHO B  SHOPPING","Restaurante / Lanchonete / Bar"
"WELLHUB GYMPASS BR GYM","Marketing Direto"
"PAGUE MENOS 1163","Assistência médica e odontológica"
"IFD*BRUNA CAMILA CHAGA","Supermercados / Mercearia / Padarias / Lojas de Conveniência"
"BROSCO GELATERIA LTDA","Restaurante / Lanchonete / Bar"
"SUPER SHOPPING DA UTIL","Departamento / Desconto"
"PAG NANCIROSA","Restaurante / Lanchonete / Bar"
"PG  OPHICINA OPHICINAC","Vestuário / Roupas"
"IFD*BAR E RESTAURANTE","Restaurante / Lanchonete / Bar"
"PAG BIENMESABEA","Supermercados / Mercearia / Padarias / Lojas de Conveniência"
"TEM TUDO","Supermercados / Mercearia / Padarias / Lojas de Conveniência"
"MERCADOLIVRE TAKESTOR","TBD"
"IFOOD  *IFD*KOZAN SUS","Restaurante / Lanchonete / Bar"
"MERCADO*PARTYLIGHTNOI","Vestuário / Roupas"
"ESMERALDA CONVENIENC","Supermercados / Mercearia / Padarias / Lojas de Conveniência"
"IFOOD  *IFD*M M MARMI","Restaurante / Lanchonete / Bar"
"GOOGLE YOUTUBEPREMIUM","Assinatura / Streaming"
"RESTAURANTE E LANCHONE","Restaurante / Lanchonete / Bar"
"AMAZONMKTPLC*WEBMUSICS","Especialidade varejo"
"IFD*CAYO CARBONE TEIXE","Restaurante / Lanchonete / Bar"
"IFOOD   IFD SELOUCO F","Restaurante / Lanchonete / Bar"
"IFD*IVANKIO BAUERNEBL","Restaurante / Lanchonete / Bar"
"LOJAS RENNER FL 190","Vestuário / Roupas"
"PAG*ZIG","TBD"
"IFOOD  *IFD*57087125","Restaurante / Lanchonete / Bar"
"TODO        *OUTBACK","Empresa para empresa"
"VANS   *ORDER10759774","Vestuário / Roupas"
"IFD*LEANDRO MENDES DE","Supermercados / Mercearia / Padarias / Lojas de Conveniência"
"IFD*LATELIER SUCRE PAT","Supermercados / Mercearia / Padarias / Lojas de Conveniência"
"MERCADOPAGO *WEBFONES","Serviços de telecomunicações"
"BAURUINFO COMERCIAL","Empresa para empresa"
"MERCADOLIVRE NABOX","TBD"
"MERCADOLIVRE*MERCADOL","Assistência médica e odontológica"
"AMERICANAS COM","Departamento / Desconto"
"GOOGLE ONE","Entretenimento"
"IFOOD  *IFD*FRANCISCO","Restaurante / Lanchonete / Bar"
"CANDYSHOPLTDA","Restaurante / Lanchonete / Bar"
"RESTAURANTE KAMEO","Restaurante / Lanchonete / Bar"
"DOCERIA NOBRE","Supermercados / Mercearia / Padarias / Lojas de Conveniência"
"IFOOD   IFD PAO DE AC","Supermercados / Mercearia / Padarias / Lojas de Conveniência"
"LOTTUS CONVENIENCIA","Supermercados / Mercearia / Padarias / Lojas de Conveniência"
"IFOOD   HAPOKE HAWAII","Restaurante / Lanchonete / Bar"
"CEA","Vestuário / Roupas"
"CACAU SHOW","Restaurante / Lanchonete / Bar"
"PAG*TOKUHARAPASTEL","Restaurante / Lanchonete / Bar"
"PAO DE ACUCAR-2050","Supermercados / Mercearia / Padarias / Lojas de Conveniência"
"IFD*LASESA - RESTAURAN","Restaurante / Lanchonete / Bar"
"BROUX EXPRESS","Supermercados / Mercearia / Padarias / Lojas de Conveniência"
"MERCPAGO     PAOCASEI","Empresa para empresa"
"SERVICOS CLA*149881605","Serviços de telecomunicações"
"DAFITI *4582361692","Vestuário / Roupas"
"IFD*57.288.855 KAUA DE","Restaurante / Lanchonete / Bar"
"IFOOD  *IFD*DIRCEU DA","Restaurante / Lanchonete / Bar"
"PAO DE ACUCAR-2450","Supermercados / Mercearia / Padarias / Lojas de Conveniência"
"MCDONALD S","Restaurante / Lanchonete / Bar"
"IFD*TOPAZIO RESTAURANT","Restaurante / Lanchonete / Bar"
"IFOOD   IFD HABIBS BA","Restaurante / Lanchonete / Bar"
"PAG*ROGERIODOSSANTOS","Serviços Profissionais"
"PONTO DA CULTURA","Especialidade varejo"
"IFD*49.670.608 ROSANA","Restaurante / Lanchonete / Bar"
"FONTE DI BELLE","Cuidado pessoal / Higiene / Saúde / Estética"
"MERCADOLIVRE*3PRODUTO","Materiais de construção para casa"
"IFD*MERCEARIA DOM PIME","Restaurante / Lanchonete / Bar"
"SERVICOS CLA*149880217","Serviços de telecomunicações"
"BERLINF*AC SHOPPING CE","Governo"
"IFD*ALLAN DE CARVALHO","Supermercados / Mercearia / Padarias / Lojas de Conveniência"
"MERCADOLIVRE FCACOMER","TBD"
"EC     *LIVRARIAFLORE","Empresa para empresa"
"IFD*TOP COMBO COMIDA C","Supermercados / Mercearia / Padarias / Lojas de Conveniência"
"SERVICOS CLARO","Serviços de telecomunicações"
"DAFITI  CRISTIANE SARD","Vestuário / Roupas"
"MERCADOLIVRE ANABEATR","Manutenção / Casa"
"INTELECTO AULAS PART","Educacional"
"IFOOD  *IFD*SIMONY DA","Restaurante / Lanchonete / Bar"
"MERCADOLIVRE*MERCADOL","Serviços Profissionais"
"WJ BARBOSA","Supermercados / Mercearia / Padarias / Lojas de Conveniência"
"IFOOD  *IFD*DOCERIA N","Supermercados / Mercearia / Padarias / Lojas de Conveniência"
"MATHEUS RUY CANO DE AR","Restaurante / Lanchonete / Bar"
"54906168JOICE","Recreativo"
"PG *TON AUTONOMO","Serviços pessoais"
"CASA BRAZILLIS","Restaurante / Lanchonete / Bar"
"PAG*RAULFELIPE","Serviços pessoais"
"LEVI STRAUSS DO BRASIL","Vestuário / Roupas"
"IFOOD  *IFD*TADANO CU","Restaurante / Lanchonete / Bar"
"LUCINEIDESILVA","Serviços Profissionais"
"MERCADOLIVRE*EROMANOV","Arte / Artesanato / Passatempo"
"PAG TAPIOCA","Restaurante / Lanchonete / Bar"
"CHEN XU BO LANCHONETE","Restaurante / Lanchonete / Bar"
"GALI FITNESS LTDA","Vestuário / Roupas"
"LJ 26 GLOBAL SHOES","Vestuário / Roupas"
"IFD*ESTANCIA GRILL TOP","Restaurante / Lanchonete / Bar"
"IFOOD  *IFD*MERCEARIA","Restaurante / Lanchonete / Bar"
"DONAROCHOCOLATE","Supermercados / Mercearia / Padarias / Lojas de Conveniência"
"PAG ALEMASSAS","Supermercados / Mercearia / Padarias / Lojas de Conveniência"
"GLX*RAUL ROOTS BARBER","Serviços pessoais"
"MLP*NETSHOES MUSC","Empresa para empresa"
"MORAES E FERRARI LAVAN","Limpeza / Lavanderia"
"EMPORIOFERRETTI","Supermercados / Mercearia / Padarias / Lojas de Conveniência"
"DL*ALIPAY MAGAZI","Departamento / Desconto"
"IFOOD   IFD CASA DI I","Restaurante / Lanchonete / Bar"
"MP *VITORIAPAVANH","TBD"
"IFD*NSB SUSHI COMERCIO","Restaurante / Lanchonete / Bar"
"PAG*THIAGODEALCANTARA","TBD"
"CONFIANCA FLEX","Supermercados / Mercearia / Padarias / Lojas de Conveniência"
"RODOSERVSTAR","Restaurante / Lanchonete / Bar"
"PAG MARILDAMORAES","Supermercados / Mercearia / Padarias / Lojas de Conveniência"
"IFD*FABIO BORGES DE SO","Restaurante / Lanchonete / Bar"
"IFOOD   IFD SOBERANO","Restaurante / Lanchonete / Bar"
"IFD*CARMEN SILVA SANTO","Restaurante / Lanchonete / Bar"
"LIBAOLING","Especialidade varejo"
"SPOLETO BAURU","Restaurante / Lanchonete / Bar"
"IFD*COMERCIO DE PRODUT","Empresa para empresa"
"COMANDANTE HAMBURGUERI","Restaurante / Lanchonete / Bar"
"CURSOR, AI POWERED IDE NE","Elétrico"
"GOOGLE CANDY CRUSH SA","Entretenimento"
"NACOES UNIDAS COMERCI","Manutenção / Casa"
"IFD*MARIANA FERREIRA B","Supermercados / Mercearia / Padarias / Lojas de Conveniência"
"COMNACHOS","Restaurante / Lanchonete / Bar"
"VINTAGE SHOP COMERCIO","Vestuário"
"MERCADOLIVRE*COOLCHAN","Vestuário / Roupas"
"HUB FIN*MAGAZINELUIZA","Departamento / Desconto"
"MP *EUUU","Departamento / Desconto"
"MERCADOLIVRE*MURYBABY","Empresa para empresa"
"GABRIEL DE ALCANTARA","TBD"
"A C MATTOS DA CUNHA","Restaurante / Lanchonete / Bar"
"PP      MTUPPERWARE","Especialidade varejo"
"PASTELARIA OSHIRU","Supermercados / Mercearia / Padarias / Lojas de Conveniência"
"VIVIANE*PAES","Assistência médica e odontológica"
"RIHAPPY","Arte / Artesanato / Passatempo"
"IFOOD  *IFD*POLLO LOK","Restaurante / Lanchonete / Bar"
"ZAMMER SORVETERIA","Supermercados / Mercearia / Padarias / Lojas de Conveniência"
"Estorno Tarifa","-"
"PAG DISKUNIVERSITARIA","Supermercados / Mercearia / Padarias / Lojas de Conveniência"
"CONFIANCA NACOES","Supermercados / Mercearia / Padarias / Lojas de Conveniência"
"IFOOD  *IFD*MARMITARI","Restaurante / Lanchonete / Bar"
"SUPER CARS","Lazer / Festas"
"RUICUNACIAJUNIOR","Supermercados / Mercearia / Padarias / Lojas de Conveniência"
"TOTALPASS","Associação"
"AMOBELEZA   *AMOBELEZA","Serviços pessoais"
"SESI SERVICO SOCIAL DA","Estudo"
"IFOOD  *IFD*57288855","Restaurante / Lanchonete / Bar"
"PAG*JOHNNYROCKETS","Restaurante / Lanchonete / Bar"
"DANTASSORVETES","Restaurante / Lanchonete / Bar"
"IFOOD   IFD LELOS BUR","Restaurante / Lanchonete / Bar"
"SR SORVETE","Restaurante / Lanchonete / Bar"
"HERING OUTLETESPACOH","Vestuário / Roupas"
"ICOMM   SHOP2GETHER","Vestuário / Roupas"
"PG *TXENTREGVISTO","Governo"
"IFD*MOREIRA DA CUNHA R","Restaurante / Lanchonete / Bar"
"BEATRIZVITORIADAS","Supermercados / Mercearia / Padarias / Lojas de Conveniência"
"ESQUINA DO HERBIE","Restaurante / Lanchonete / Bar"
"RAFAELAPARECIDODE","Serviços Profissionais"
"LA ADELINA 2","Supermercados / Mercearia / Padarias / Lojas de Conveniência"
"HUBFINTECH NETSHOES","Calçado"
"AMAZONPRIMEBR","Assinatura / Streaming"
"SHOPEE *YISLALY","Departamento / Desconto"
"BURGUESINHA BAURU","Antigos / Peão Lojas"
"PAGUE MENOS 650","TBD"
"IFOOD   IFD MARMITARI","Restaurante / Lanchonete / Bar"
"AMAZONMKTPLC*MARIANAMA","Departamento / Desconto"
"IFOOD   IFD RESTAURAN","Restaurante / Lanchonete / Bar"
"IFOOD  *IFD*LOPES E N","Supermercados / Mercearia / Padarias / Lojas de Conveniência"
"IFD*PRUDENTE  SILVA LT","Restaurante / Lanchonete / Bar"
"IFOOD   IFD CACAU SHO","Restaurante / Lanchonete / Bar"
"MERCPAGO     PORCARIA","Empresa para empresa"
"IFOOD  *CLUBE  *IFOOD","Restaurante / Lanchonete / Bar"
"IMPERIO HAMBURGUERIA","Restaurante / Lanchonete / Bar"
"CONFIANCA DE*CONFIANCA","Supermercados / Mercearia / Padarias / Lojas de Conveniência"
"ANDRE VALERIO RINO","Assistência médica e odontológica"
"BLUE TREE TH BLUETREEL","Viagem"
"PASTEL DO TREVO","Restaurante / Lanchonete / Bar"
"IFOOD   IFD CHEIRINHO","Restaurante / Lanchonete / Bar"
"DROGARIA_SP DROGARIASP","Assistência médica e odontológica"
"IFD*LUCAS CERIALI BATI","Supermercados / Mercearia / Padarias / Lojas de Conveniência"
"CONVENIENCIA","Supermercados / Mercearia / Padarias / Lojas de Conveniência"
"F  F  DALLAQUA PIZZAR","Supermercados / Mercearia / Padarias / Lojas de Conveniência"
"DARLENE NASCIMENTO","Supermercados / Mercearia / Padarias / Lojas de Conveniência"
"PP     *GROWTHSUPPL","Empresa para empresa"
"ALEX EXPRESS","Restaurante / Lanchonete / Bar"
"BRUNO MARTINS CONTI 3","TBD"
"DENTAL ORTO","Ótica"
"PAG*CLAUDIAZANINI","TBD"
"IFOOD   IFD BROOKS HA","Restaurante / Lanchonete / Bar"
"BWL ALIMENTOS LTDA EPP","Restaurante / Lanchonete / Bar"
"MP  PORCARIABBQ","Empresa para empresa"
"HOT BEACH SUITES HOSP","T&E"
"PAG*OSVALDOMARIANODO","TBD"
"NOVAENSEADA","Supermercados / Mercearia / Padarias / Lojas de Conveniência"
"DONA BRANCA GETULIO","Restaurante / Lanchonete / Bar"
"ATACASA UTILIDADES","Utensílios Casa"
"IFD*42.253.098 MARILDA","Serviços pessoais"
"IFOOD  *IFD*CALDINHO","Restaurante / Lanchonete / Bar"
"VO ANGELINA CAFE E PA","Supermercados / Mercearia / Padarias / Lojas de Conveniência"
"MERCADOLIVRE*MERCADOL","Empresa para empresa"
"MERCADO*RRAQUARISMO","Especialidade varejo"
"ALLIANZ SEGU*1 DE 10","Seguro"
"PAG*GMSUSHI","Restaurante / Lanchonete / Bar"
"MERCADOLIVRE*PEIXEBOI","Empresa para empresa"
"DALTONHERMINIO","Serviços Profissionais"
"AMAZON MARKETPLACE","Especialidade varejo"
"IFOOD   IFD PASTA WAY","Restaurante / Lanchonete / Bar"
"CROOCODILO","Restaurante / Lanchonete / Bar"
"ARRIBA COCINA MEXICANA","Restaurante / Lanchonete / Bar"
"IG*51DNEUBES","Associação"
"IFD*KAUE DE LIMA 39617","Restaurante / Lanchonete / Bar"
"BQD BAURU SHOPPING","Supermercados / Mercearia / Padarias / Lojas de Conveniência"
"IFD*GABRIEL DAINESI DO","Restaurante / Lanchonete / Bar"
"PAO DE ACUCAR COM 2450","Supermercados / Mercearia / Padarias / Lojas de Conveniência"
"JANAINARAMOSSILVA","Serviços Profissionais"
"IFD*INFLUENCER HOLDING","Serviços de telecomunicações"
"FERGAS GAS E AGUA","Materiais de construção para casa"
"FISIA NIKE ECOMMER","Especialidade varejo"
"MODA COM ARTE","TBD"
"IFOOD  *IFD*THIAGO LO","Restaurante / Lanchonete / Bar"
"IFD*NSB SUSHI COMERCIO","Supermercados / Mercearia / Padarias / Lojas de Conveniência"
"DONA SANTA PADARIA","Supermercados / Mercearia / Padarias / Lojas de Conveniência"
"IFOOD  *IFD*CAYO CARB","Restaurante / Lanchonete / Bar"
"SITE HAVAN.COM","Departamento / Desconto"
"DM UDEMY","Estudo"
"IFD*YAKISSOBAS","Restaurante / Lanchonete / Bar"
"PAG*ESMALTERIAUNHAS","Serviços pessoais"
"MERCADOPAGO *ORIGINAL","Supermercados / Mercearia / Padarias / Lojas de Conveniência"
"PAO DE ACUCAR 2450 BAU","Supermercados / Mercearia / Padarias / Lojas de Conveniência"
"RAYBAN *RAYBAN BRAZIL","Assistência médica e odontológica"
"LOJAS UNIAO  FL 48","Supermercados / Mercearia / Padarias / Lojas de Conveniência"
"DAFITI*4601320818","Vestuário / Roupas"
"MERCADOLIVRE*MERCADOL","Casa / Escritório Mobiliário"
"PICANHA MALL","Restaurante / Lanchonete / Bar"
"430 GRADI BAURU","Restaurante / Lanchonete / Bar"
"IFOOD   IFD VO ZELIA","Restaurante / Lanchonete / Bar"
"4033   SAMS BAURU","Associação"
"BK BRASIL","Restaurante / Lanchonete / Bar"
"IFD*IFOOD.COM AGENCIA","Restaurante / Lanchonete / Bar"
"MP *OLLIECOSMETICOS","Cuidado pessoal / Higiene / Saúde / Estética"
"ICEMELLOW SORVETES","Restaurante / Lanchonete / Bar"
"ANDREAAPARECIDADA","Supermercados / Mercearia / Padarias / Lojas de Conveniência"
"PAG MONICAMENDES","Supermercados / Mercearia / Padarias / Lojas de Conveniência"
"UNIFORMESPROF","Consertos em Geral"
"GELATO BORELLI BAURU","Restaurante / Lanchonete / Bar"
"DOCE MOMENTO E CASCA D","Supermercados / Mercearia / Padarias / Lojas de Conveniência"
"IFD*MARCO ANTONIO DO E","Restaurante / Lanchonete / Bar"
"CENTAURO","Especialidade varejo"
"DAFITI*4603135297","Especialidade varejo"
"MERCADOLIVRE*MAXIMUS","Vestuário / Roupas"
"R DEGANI","TBD"
"SYMPLA 2CYDU7DM8B8","Entretenimento"
"MERCADOLIVRE*MERCADOL","Serviços pessoais"
"MERCADOLIVRE*5PRODUTOS","Vestuário / Roupas"
"PAG CRMEDPRODUTOSHOSP","Vestuário"
"ACAI ROSA DE SARON","Supermercados / Mercearia / Padarias / Lojas de Conveniência"
"IFD*6DOIS BURGUER - DU","Restaurante / Lanchonete / Bar"
"IFD*MARIZA FERNANDES M","Restaurante / Lanchonete / Bar"
"DM*SUPERPROF PASSELEVE","Serviços Profissionais"
"MERCADOLIVRE*3PRODUTO","Empresa para empresa"
"GYMPASS GYMPASSBR","Saúde / Atividade Física"
"IFOOD  *IFD*SR SORVET","Restaurante / Lanchonete / Bar"
"PG *NUVEM TUBITTASKIMO","Serviços de telecomunicações"
"KALUNGA BAUR*KALUNGA 0","Especialidade varejo"
"IFD*57732104 CARLOS AL","Restaurante / Lanchonete / Bar"
"PAO DE ACUCAR 2449","Supermercados / Mercearia / Padarias / Lojas de Conveniência"
"PAG*COMSURF","TBD"
"POPCORN GOURMET","Restaurante / Lanchonete / Bar"
"PADARIA IPANEMA","Supermercados / Mercearia / Padarias / Lojas de Conveniência"
"ESPETINHODEF","Restaurante / Lanchonete / Bar"
"IFOOD  *IFD*UNE DELIV","Restaurante / Lanchonete / Bar"
"PARKS E GAMES BAURU","Recreativo"
"KARIKARIFOOD","Restaurante / Lanchonete / Bar"
"IFOOD   IFD JIM BURGU","Restaurante / Lanchonete / Bar"
"RODOSNACK GG","Supermercados / Mercearia / Padarias / Lojas de Conveniência"
"IFD*PAHAY COZINHA ORIE","Restaurante / Lanchonete / Bar"
"NAKAHAT AL AMANA","Restaurante / Lanchonete / Bar"
"IFD*HORIUCHI CIA LTDA","Restaurante / Lanchonete / Bar"
"MOISESCOSTADOS","Serviços Profissionais"
"IFD*ELTON DA SILVA LEA","Restaurante / Lanchonete / Bar"
"SANTIAGO","TBD"
"MERCADOPAGO *KAWABANG","Departamento / Desconto"
"LOJACONVENIENCIA UNIVE","Restaurante / Lanchonete / Bar"
"M T G L CONFECCOES LTD","Vestuário / Roupas"
"DM  UDEMY","Serviços de telecomunicações"
"Anuidade Diferenciada","-"
"G M DA CUNHA RESTAURAN","Restaurante / Lanchonete / Bar"
"YURII PRODUTOS ORIENTA","Supermercados / Mercearia / Padarias / Lojas de Conveniência"
"EBN*SONYPLAYS","Entretenimento"
"DELICIASDAMAMA","Restaurante / Lanchonete / Bar"
"LEVIS LEVIS","Vestuário"
"IFD*GUGA DE BAURU COME","Supermercados / Mercearia / Padarias / Lojas de Conveniência"
"MERCADOLIVRE*EBAZARCO","Departamento / Desconto"
"ORANGO MANGO","Restaurante / Lanchonete / Bar"
"T O HIRATA COMERCIO DE","Supermercados / Mercearia / Padarias / Lojas de Conveniência"
"IFD*M.OLIVATTO DE LUCA","Restaurante / Lanchonete / Bar"
"IFOOD  *IFD*JOLIE CAF","Supermercados / Mercearia / Padarias / Lojas de Conveniência"
"DANIELTOSHIO","Serviços Profissionais"
"BOULEVARD SANDALIAS CO","Vestuário / Roupas"
"DROGASIL 3753","Assistência médica e odontológica"
"UDEMY SUBSCRIPTION     DU","Educacional"
"SEGUROS SURA SA","Seguro"
"TAVELIN E HAMZE SUCOS","Restaurante / Lanchonete / Bar"
"RDSAUDE ONLI*RD SAUDE","Assistência médica e odontológica"
"3845 - GRSA AMIGO","Restaurante / Lanchonete / Bar"
